Q20670740				
Q3263113				
Q1558981				
Q2972080				
Q34370672				
Q55772241				
Q592719	Q21142718	accidental death		
Q14563575				
Q3263246				
Q1934639				
Q1610117				
Q1300183				
Q3083302				
Q3265654				
Q62107387				
Q375484				
Q75202				
Q55672048				
Q2978237				
Q473075				
Q462604				
Q107473				
Q228607				
Q6195330				
Q16873463				
Q377129				
Q29960618				
Q3174247				
Q15042001				
Q2046258				
Q766431				
Q21809613				
Q17580327				
Q3372103				
Q1285528				
Q106434117				
Q36511974				
Q323636				
Q42212859				
Q3170405				
Q518931				
Q959212				
Q29553545				
Q3124277				
Q85446431				
Q104995				
Q3121974				
Q3587723	Q3739104	natural causes	Q12152	myocardial infarction
Q1343360				
Q97584696				
Q982811				
Q16920820				
Q1805110				
Q55672464				
Q325665				
Q15970429				
Q2577106	Q21142718	accidental death	Q506616	drowning
Q16467695				
Q3426023	Q21142718	accidental death		
Q3092522				
Q3292642				
Q16011500				
Q131417745				
Q470232				
Q241831				
Q40599	Q3739104	natural causes		
Q3103147				
Q4934087				
Q104985584				
Q2926477	Q3739104	natural causes	Q12078	cancer
Q3270925				
Q2377559				
Q93386785				
Q449794				
Q3579785				
Q3102113				
Q122371668				
Q930286	Q3739104	natural causes	Q181754	heart failure
Q1661241				
Q5505157				
Q1055767	Q21142718	accidental death		
Q3419248				
Q1148228				
Q122090				
Q3068603				
Q1824249				
Q3345765				
Q29791134				
Q3371608				
Q1747500				
Q109811522				
Q487523				
Q434669	Q3739104	natural causes	Q212961	pancreatic cancer
Q105920000				
Q2750020				
Q3156839				
Q3288637				
Q535038				
Q3084439				
Q2514	Q3739104	natural causes	Q188874	colorectal cancer
Q2848337				
Q15407022				
Q2823115				
Q2635417				
Q3725755				
Q3439294				
Q29642102				
Q32556061				
Q89430958				
Q918803				
Q50225230				
Q573120				
Q1063929				
Q658862				
Q3102414				
Q3188830				
Q1871683	Q3739104	natural causes	Q11081	Alzheimer's disease
Q56526275				
Q26270042				
Q20089756				
Q122368184				
Q929941				
Q3592354				
Q374137				
Q16027704				
Q2326677				
Q3289012				
Q2564226				
Q2835545				
Q2871286				
Q191408	Q3739104	natural causes	Q12152	myocardial infarction
Q251037	Q3739104	natural causes	Q12204	tuberculosis
Q2959709				
Q768360				
Q3060133				
Q28088177				
Q3877146				
Q1399017				
Q3434423				
Q2915993				
Q109853524				
Q3099122				
Q2164420				
Q69789				
Q548672				
Q59531902				
Q613164	Q3739104	natural causes	Q12204	tuberculosis
Q965935				
Q108597	Q3739104	natural causes	Q12152|Q181754	heart failure|myocardial infarction
Q195990				
Q52841833				
Q1508988				
Q1065738				
Q936024				
Q675557				
Q122490831				
Q3270494				
Q3370424				
Q3143565				
Q2762267				
Q3289314				
Q1443483				
Q61060				
Q3123854				
Q47013857				
Q104502382				
Q3438659				
Q15997893				
Q558295				
Q20961839				
Q4909233				
Q3308797				
Q3557256				
Q92562				
Q87339				
Q125206654				
Q451321				
Q355710	Q3739104	natural causes	Q12152	myocardial infarction
Q5670396				
Q98835181				
Q294912	Q3739104	natural causes	Q12152|Q8277	multiple sclerosis|myocardial infarction
Q955842	Q21142718	accidental death	Q744913	aviation accident
Q13411327				
Q1540403				
Q171526	Q3739104	natural causes	Q12202	stroke
Q62322				
Q5540055				
Q273222				
Q3052592				
Q109811476				
Q90710807				
Q1588759				
Q3741693				
Q109812733				
Q2750	Q3739104	natural causes	Q467635	multiple myeloma
Q3263619				
Q317763				
Q504857				
Q17350819				
Q3102312				
Q42887238				
Q683378				
Q3082017				
Q1706471				
Q3130764				
Q2983883				
Q3131138				
Q265299				
Q7495213				
Q3158130				
Q54529	Q3739104	natural causes	Q12078	cancer
Q15970391				
Q5550995				
Q1685775				
Q365677				
Q130460816				
Q588264				
Q3770882				
Q3105863				
Q19303328				
Q57554				
Q200639				
Q3848893				
Q52148710				
Q110267790				
Q4932408	Q3739104	natural causes	Q12206	diabetes
Q47006420				
Q60801	Q3739104	natural causes	Q12152	myocardial infarction
Q24324054				
Q122370004				
Q16645457				
Q16236984				
Q3052595				
Q122368331				
Q3129257				
Q122370062				
Q1237856	Q3739104	natural causes	Q12192	pneumonia
Q88504				
Q3102835				
Q2980687				
Q62185	Q3739104	natural causes	Q220570	pulmonary embolism
Q951933				
Q60363				
Q5955723				
Q43067	Q10737	suicide	Q883082	cyanide poisoning
Q2851725	Q3739104	natural causes	Q12078	cancer
Q290633				
Q2829804				
Q56249062				
Q3102839				
Q463065				
Q611066				
Q110223242				
Q117458924				
Q52154804				
Q122368797				
Q171933	Q21142718	accidental death	Q61037771	car collision
Q2865270				
Q3102187				
Q1556708				
Q33001393				
Q3263302				
Q16027660				
Q608815				
Q151803	Q3739104	natural causes	Q12192	pneumonia
Q51549498				
Q375135				
Q28150055				
Q47022842				
Q109856349				
Q152384				
Q7347484				
Q16090516				
Q76163882				
Q2959924				
Q206685	Q3739104	natural causes	Q12152	myocardial infarction
Q3410621	Q3739104	natural causes	Q12152	myocardial infarction
Q1701260				
Q218690	Q3739104	natural causes	Q47912	lung cancer
Q6384006				
Q1388562				
Q1361528				
Q449523				
Q3385903				
Q329401				
Q2397866				
Q37064	Q3739104	natural causes	Q12152	myocardial infarction
Q2533405				
Q3059756				
Q1972641				
Q23948048				
Q551674	Q3739104	natural causes	Q623031	liver cancer
Q3084141				
Q950845				
Q215961				
Q3308945				
Q664317				
Q115701				
Q122369563				
Q3372274				
Q490627				
Q3158315				
Q708563				
Q110223263				
Q3506053				
Q2899656				
Q89039660				
Q720089				
Q379931				
Q3132079				
Q3439453				
Q112264091				
Q2848671				
Q3188934				
Q3571485	Q3739104	natural causes	Q220570	pulmonary embolism
Q2958235				
Q1333547				
Q3047865				
Q3435289				
Q3025297	Q21142718	accidental death	Q506616	drowning
Q192615	Q3739104	natural causes	Q12152	myocardial infarction
Q509655				
Q4015395				
Q2934871				
Q27038657				
Q62053859				
Q3093602				
Q2980585				
Q3069144				
Q2511448				
Q3507351				
Q2021033				
Q129402315				
Q3440187				
Q1150342				
Q2260766				
Q2824771				
Q3579833				
Q207076	Q3739104	natural causes		
Q97292938				
Q3384233				
Q376282	Q3739104	natural causes	Q12192	pneumonia
Q3158725				
Q6198637	Q10737	suicide	Q2140674	gunshot wound
Q465249	Q3739104	natural causes	Q202837	cardiac arrest
Q3188626				
Q3174659				
Q8159	Q3739104	natural causes	Q11085	Parkinson's disease
Q16650289				
Q1350841				
Q3876359				
Q464882				
Q365723				
Q3588781				
Q3158860				
Q2824867				
Q461719				
Q3901340				
Q28373977				
Q1605829				
Q21608015				
Q57212				
Q343633	Q3739104	natural causes	Q180614	melanoma
Q154014	Q3739104	natural causes	Q160649	typhus
Q21455654				
Q3960911				
Q2826417				
Q28150873				
Q297717				
Q329228				
Q3265355				
Q2638365				
Q2113909				
Q2566231				
Q80904027				
Q382329				
Q3157140	Q3739104	natural causes	Q47912	lung cancer
Q2845619				
Q40224	Q3739104	natural causes	Q10992004	hereditary cystatin C amyloid angiopathy
Q548687				
Q16007267				
Q3042797	Q3739104	natural causes	Q189588	stomach cancer
Q17488080				
Q233488	Q3739104	natural causes	Q47912	lung cancer
Q3102929				
Q3573575				
Q2957941				
Q1750308				
Q1597408				
Q3026560				
Q705162				
Q54439602				
Q3419125				
Q8753	Q3739104	natural causes	Q189588	stomach cancer
Q2078732				
Q64646				
Q377523				
Q347190				
Q18175119				
Q744023	Q3739104	natural causes	Q12152	myocardial infarction
Q1065318				
Q95269521				
Q3440089				
Q110843277				
Q1593345				
Q27971254				
Q1451216				
Q347201	Q21142718	accidental death	Q744913	aviation accident
Q2835396				
Q7808955				
Q272923				
Q1890518	Q3739104	natural causes	Q84263196	COVID-19
Q30049868				
Q83333				
Q1441627				
Q249976				
Q118146776				
Q2958778				
Q434108				
Q109016804				
Q3083622				
Q81518				
Q3047928				
Q3426436				
Q14584326				
Q16798526				
Q3436131				
Q7363617				
Q3171129				
Q5144712				
Q981274				
Q2831401				
Q7343885				
Q5589	Q3739104	natural causes	Q12152	myocardial infarction
Q948879				
Q3087923				
Q23673522				
Q654231	Q3739104	natural causes	Q852423	laryngeal cancer
Q1042248				
Q60560035				
Q220018	Q3739104	natural causes	Q12078	cancer
Q1402688				
Q603262				
Q248867	Q3739104	natural causes	Q47912	lung cancer
Q3439442				
Q2401009				
Q714712				
Q19358505				
Q485007				
Q3573871	Q3739104	natural causes	Q12152	myocardial infarction
Q713081	Q3739104	natural causes	Q12078	cancer
Q212499				
Q3310263				
Q1685524				
Q3439488				
Q440371				
Q2022	Q10737	suicide	Q3505252	drug overdose
Q53002	Q3739104	natural causes	Q233309	brain tumor
Q5354244	Q3739104	natural causes	Q12136	disease
Q130125229				
Q97353343				
Q2571091				
Q755	Q3739104	natural causes	Q12192	pneumonia
Q22717				
Q100597019				
Q76755				
Q118171893				
Q171438				
Q284314	Q21142718	accidental death	Q9687	traffic collision
Q3092454				
Q92068342				
Q20240982	Q3739104	natural causes	Q12202	stroke
Q6129153				
Q123164	Q3739104	natural causes	Q12152	myocardial infarction
Q3144833				
Q4760000				
Q719997				
Q109810050				
Q135508621				
Q3526504				
Q28790987				
Q60465	Q3739104	natural causes	Q47912	lung cancer
Q2372066				
Q2831024				
Q19358516				
Q1356478				
Q239760	Q3739104	natural causes	Q1368943	cerebral hemorrhage
Q110910730				
Q3143176				
Q34041960				
Q55239121				
Q11168465				
Q482167				
Q7704531				
Q117219354				
Q1042039				
Q274349				
Q55672050				
Q3121574			Q9687	traffic collision
Q3385905				
Q3185441				
Q3605695				
Q55224978				
Q18944559				
Q3301538				
Q187099	Q3739104	natural causes	Q14467705	surgical complications
Q161076				
Q1874632	Q21142718	accidental death	Q9687	traffic collision
Q3173031				
Q2391295				
Q2848073				
Q2840126				
Q274888				
Q1587157				
Q17350592				
Q76972	Q8454	capital punishment	Q204933	decapitation
Q2871327				
Q121976				
Q55217620				
Q10789042				
Q19629383	Q21142718	accidental death		
Q6793517				
Q2824889				
Q1101643	Q3739104	natural causes	Q181754	heart failure
Q198621				
Q179365				
Q105046597				
Q3265359				
Q563318				
Q884606				
Q3169524				
Q334965				
Q18744644				
Q2845572				
Q57915				
Q3371030				
Q3425926				
Q113805592				
Q303	Q3739104	natural causes	Q12152	myocardial infarction
Q62061697				
Q1905245				
Q1685824				
Q274969				
Q3611474				
Q289325				
Q3440015				
Q361695				
Q3588467				
Q59527276				
Q112307610				
Q2831073				
Q2870815				
Q328645				
Q3301977				
Q3439377				
Q3440119				
Q3047780				
Q105392281				
Q3099105				
Q13500109				
Q76943	Q3739104	natural causes	Q12152	myocardial infarction
Q118132310				
Q542059				
Q53371				
Q104371255				
Q28494758				
Q560823				
Q2379498				
Q3426396				
Q27678667				
Q3067463				
Q3261834				
Q20851373				
Q672400				
Q3292614				
Q1518051				
Q55672606				
Q3557606				
Q60876				
Q1606451				
Q3438926				
Q690155				
Q20190764				
Q52150380				
Q336388				
Q55097213				
Q7150449				
Q33192442				
Q3063540				
Q28357573				
Q55672148				
Q460580				
Q20737485				
Q22668926				
Q1410755				
Q18328198				
Q98987317				
Q272189				
Q508217				
Q2633356				
Q3565308				
Q3609217				
Q3168035				
Q91256				
Q24537439				
Q323232				
Q436340				
Q17350067				
Q28355939				
Q28115179				
Q213892				
Q81757692				
Q109810525				
Q1240457				
Q3300449				
Q3383494				
Q99869				
Q817462				
Q96578840				
Q561852	Q3739104	natural causes	Q181754	heart failure
Q116860636				
Q521588				
Q127061448				
Q136465547				
Q2144623				
Q1235443				
Q3263250				
Q5195911	Q3739104	natural causes	Q12192	pneumonia
Q1336172				
Q19959247				
Q1061945				
Q984359				
Q16253359				
Q7351	Q3739104	natural causes		
Q1793727				
Q193236	Q3739104	natural causes	Q1368943	cerebral hemorrhage
Q727302				
Q733257				
Q1329778				
Q3588624				
Q130375898				
Q3173023				
Q7349824				
Q455937	Q3739104	natural causes	Q12152	myocardial infarction
Q86719770				
Q19944952				
Q1798144				
Q98916082				
Q62104393				
Q9082				
Q65159651				
Q7126330				
Q73990				
Q17579850				
Q2831516				
Q720436				
Q156700				
Q3557537				
Q3098925				
Q26408				
Q150552				
Q15970422				
Q3419406				
Q592781				
Q982418				
Q3121735				
Q2848336				
Q7371	Q3739104	natural causes	Q12152	myocardial infarction
Q1689162	Q3739104	natural causes	Q12202	stroke
Q2064625				
Q28150987				
Q3421172				
Q718852				
Q105833783				
Q52156742				
Q979267	Q3739104	natural causes	Q12192	pneumonia
Q3174208				
Q463800				
Q3371795				
Q3302642				
Q55239089				
Q55068622				
Q706406	Q3739104	natural causes	Q12152	myocardial infarction
Q6711031				
Q3426240				
Q15968472				
Q3102597				
Q3588567				
Q11929010				
Q30755				
Q30303480				
Q3894528				
Q3618051				
Q3386979			Q2140674	gunshot wound
Q106001	Q3739104	natural causes	Q202837	cardiac arrest
Q3159629				
Q3302064				
Q1360888	Q3739104	natural causes	Q12078	cancer
Q55937428				
Q2640976				
Q78258				
Q63970095				
Q3099147	Q21142718	accidental death		
Q3130993				
Q3384868				
Q104575				
Q2847883				
Q3132894				
Q310924				
Q171834	Q149086	homicide	Q1634609	kidnapping of Aldo Moro
Q15970345				
Q585281				
Q523464				
Q92318				
Q6390242				
Q55672442				
Q65532005				
Q1685157				
Q97947164				
Q109810760				
Q3166672				
Q534015				
Q104178423				
Q523392	Q3739104	natural causes	Q12152	myocardial infarction
Q109812639				
Q37177501				
Q34072404				
Q458816				
Q2871604				
Q3474061				
Q3105834				
Q2419898				
Q3173121				
Q405699				
Q3059906				
Q127707	Q3739104	natural causes	Q12078	cancer
Q1406521				
Q1383897				
Q3059966				
Q123509454				
Q2858842				
Q98804812				
Q41317630				
Q3387652				
Q3142783				
Q955719				
Q3436607				
Q2958846				
Q573180				
Q15430614				
Q1153004	Q3739104	natural causes	Q55790434	lip and oral cavity carcinoma
Q3166541				
Q517289				
Q3425745				
Q1369056				
Q2829859				
Q964776				
Q8033690				
Q2437872				
Q3262961				
Q3426853				
Q1261570	Q3739104	natural causes	Q12152	myocardial infarction
Q290464	Q3739104	natural causes	Q623031	liver cancer
Q156889				
Q56692303				
Q3557624				
Q56881061				
Q3490982				
Q503940	Q3739104	natural causes	Q389735	cardiovascular disease
Q45006				
Q2824751				
Q3289587				
Q69871998				
Q3579884				
Q2190717				
Q1065826	Q3739104	natural causes	Q12078	cancer
Q5478336				
Q982032				
Q60239				
Q2975088				
Q3105598				
Q436784	Q3739104	natural causes	Q12192	pneumonia
Q3263114				
Q3262711				
Q1094964	Q3739104	natural causes	Q1054718	kidney disease
Q113468277				
Q918361				
Q20787677				
Q229545	Q3739104	natural causes	Q202837	cardiac arrest
Q55238991				
Q3023001	Q10737	suicide		
Q17320655				
Q3132193				
Q2060248				
Q110935789				
Q3104719				
Q286209				
Q1459914				
Q18744866				
Q17350488				
Q969149	Q3739104	natural causes	Q11085	Parkinson's disease
Q237287	Q3739104	natural causes	Q3010352	cerebrovascular disease
Q23005245				
Q95272				
Q935287				
Q76504				
Q5230104				
Q11866263				
Q1463671				
Q122371551				
Q131462777				
Q28096764				
Q346939				
Q273607				
Q41795544				
Q518576				
Q3170394				
Q492008				
Q1064374				
Q41795656				
Q2676536				
Q21064770				
Q106441264				
Q333755	Q3739104	natural causes	Q34879	staphylococcal infection
Q958538				
Q987757				
Q3383432				
Q2850883				
Q539385	Q3739104	natural causes	Q12202	stroke
Q3098965				
Q516121				
Q284752				
Q573644				
Q3026993				
Q1613544	Q3739104	natural causes	Q12078	cancer
Q19933139				
Q15734486				
Q451631				
Q3265472				
Q112305275				
Q23681157				
Q21209	Q216169	execution by firing squad	Q2140674	gunshot wound
Q272				
Q2959041				
Q3174837				
Q6225718				
Q68501	Q3739104	natural causes	Q8277	multiple sclerosis
Q3188410				
Q66793575				
Q45166648				
Q3159326				
Q1893157				
Q2833564				
Q90149895				
Q7192445				
Q229513	Q3739104	natural causes	Q47912	lung cancer
Q3262394				
Q3059977				
Q5908934	Q3739104	natural causes	Q18123741	infectious disease
Q1871921				
Q24931377				
Q1658703				
Q115181719				
Q5740019				
Q1763491				
Q2545721				
Q61483896				
Q3133192				
Q1332267				
Q5400253				
Q7364045				
Q124734784				
Q320471				
Q3119817				
Q5511657				
Q3275727				
Q91828				
Q2871244				
Q937	Q3739104	natural causes	Q2256736	abdominal aortic aneurysm
Q1556716				
Q560815				
Q715511				
Q2868967				
Q55238868				
Q16026167				
Q3103399				
Q3131893				
Q109811312				
Q47208212				
Q3260719				
Q2847346				
Q880613				
Q20807817				
Q3383183				
Q21458808				
Q822594				
Q3160281				
Q55398	Q3739104	natural causes	Q12204	tuberculosis
Q55410	Q3739104	natural causes	Q3658498	rheumatic heart disease
Q3130987				
Q44119				
Q745313				
Q18578419				
Q3384916			Q9687	traffic collision
Q8006313				
Q76456	Q3739104	natural causes	Q12152	myocardial infarction
Q34013	Q3739104	natural causes	Q18479879	brain congestion
Q7343487				
Q870539				
Q3174669				
Q109810640				
Q153832				
Q463441				
Q3047850				
Q352008				
Q3262651				
Q7613978				
Q15406933				
Q499288				
Q3387903				
Q3262363				
Q71032				
Q5076618				
Q310989	Q3739104	natural causes	Q208414	lymphoma
Q3109499				
Q294927	Q3739104	natural causes	Q389735	cardiovascular disease
Q110223251				
Q72173				
Q119073	Q3739104	natural causes	Q12136	disease
Q61854	Q3739104	natural causes	Q12152	myocardial infarction
Q1150116				
Q3100647				
Q330824				
Q2958889				
Q3106986				
Q56226100				
Q656691	Q3739104	natural causes	Q12152	myocardial infarction
Q338617				
Q2837262				
Q47358221				
Q43948	Q3739104	natural causes	Q12204	tuberculosis
Q1508992				
Q200458				
Q722421				
Q237911				
Q36488	Q3739104	natural causes		
Q3384910				
Q934568				
Q5625716				
Q5662202				
Q18215249				
Q1674431				
Q2847200				
Q3271218				
Q3074294				
Q62400				
Q207359	Q3739104	natural causes	Q184559	arteriosclerosis
Q2898728				
Q1152965				
Q45353642				
Q215777	Q3739104	natural causes		
Q1460231				
Q3484541				
Q83719338				
Q78267				
Q210308	Q3739104	natural causes	Q12152|Q12192	myocardial infarction|pneumonia
Q24578870				
Q766783	Q3739104	natural causes	Q35869	asthma
Q2831044				
Q640135				
Q498503	Q3739104	natural causes	Q181257	prostate cancer
Q2965164				
Q1994456				
Q2831830				
Q194828				
Q67511				
Q3370449				
Q3069326				
Q1478360				
Q48804507				
Q275985				
Q3102352				
Q1409410				
Q47695				
Q12171051				
Q110223238				
Q522955				
Q548130				
Q497678				
Q27136035				
Q95635121				
Q4722350				
Q3142514				
Q3309784				
Q766644				
Q109876853				
Q90284032				
Q47028502				
Q41257	Q3739104	natural causes	Q183134	sepsis
Q728088				
Q905471				
Q3383859				
Q96399343				
Q44103161				
Q710052				
Q253288				
Q349785	Q3739104	natural causes	Q181257	prostate cancer
Q108921990				
Q15970651				
Q29312683				
Q4730510				
Q3270710				
Q551761				
Q1810697				
Q3188688				
Q79263566				
Q2830968				
Q3094002				
Q357582				
Q3188910				
Q3131260				
Q21587718				
Q7192198				
Q2980609				
Q3301066				
Q17104167				
Q2059329				
Q3421115				
Q52155307				
Q3264891				
Q47899663				
Q2847553				
Q1871397				
Q87758999				
Q2959835				
Q2959552				
Q686316				
Q110263318				
Q288581				
Q1994957				
Q1238917	Q3739104	natural causes	Q372701	esophageal cancer
Q3185623				
Q354092				
Q5539634	Q3739104	natural causes	Q12078	cancer
Q363509				
Q472118				
Q2635330				
Q962731				
Q60485549				
Q3734306				
Q3185168				
Q171826	Q3739104	natural causes	Q12152	myocardial infarction
Q112726359				
Q505758				
Q242150				
Q98962703				
Q122369448				
Q3557509				
Q3170744				
Q3740344				
Q3219208				
Q369533				
Q55997113				
Q103564	Q10737	suicide	Q506616	drowning
Q2960069				
Q20734486				
Q2682738				
Q213919				
Q58851				
Q109832817				
Q3301543				
Q955901				
Q93381066				
Q5325708	Q21142718	accidental death	Q2822719	domestic accident
Q3301327				
Q286028	Q3739104	natural causes	Q189588	stomach cancer
Q122368399				
Q2341186				
Q35155361				
Q708578				
Q2381218				
Q157155				
Q2958728				
Q320036				
Q45917291				
Q2959557				
Q133821164				
Q3384772				
Q3102444				
Q55432653				
Q93493609				
Q2847640				
Q3189516				
Q270187				
Q3292738				
Q3439403				
Q3438960				
Q1064488				
Q63051				
Q3172258	Q3739104	natural causes	Q12136	disease
Q2898310				
Q1615458				
Q387141				
Q164487	Q3739104	natural causes	Q12192	pneumonia
Q518512				
Q3384551				
Q560658				
Q2607219				
Q3103519				
Q1819079				
Q1685376	Q3739104	natural causes	Q9303627	brain cancer
Q926153	Q3739104	natural causes	Q1649580	organ dysfunction
Q93386829				
Q3069080				
Q538411	Q3739104	natural causes	Q181257	prostate cancer
Q3460571				
Q2847654				
Q59524453				
Q135394658				
Q3289210				
Q18611023				
Q2831133				
Q156272	Q21142718	accidental death	Q9687	traffic collision
Q726967				
Q62070876				
Q692757				
Q3092335				
Q315072	Q3739104	natural causes	Q623031	liver cancer
Q3311585				
Q119397722				
Q101010769				
Q2821539				
Q43282855				
Q137042	Q3739104	natural causes	Q47912	lung cancer
Q59387104				
Q622587				
Q3484560				
Q16029428				
Q18713651				
Q4133133				
Q721362	Q3739104	natural causes	Q12204	tuberculosis
Q17105277				
Q472568				
Q3434778				
Q1711764				
Q550943				
Q2979307				
Q172346				
Q98962696				
Q2245197				
Q45205	Q3739104	natural causes	Q187255|Q2361887	internal bleeding|rheumatoid arthritis
Q1710731				
Q3236803				
Q98935157				
Q1887774				
Q1753344				
Q3289176				
Q2520530				
Q4355901	Q21142718	accidental death	Q11637534	falling from height
Q313096				
Q116198422				
Q547276				
Q2439167				
Q158062				
Q30049921				
Q3158751				
Q57557049				
Q3496659				
Q26214364				
Q694857				
Q62365				
Q109811343				
Q3557173				
Q2038	Q3739104	natural causes	Q181257	prostate cancer
Q739866	Q3739104	natural causes	Q389735	cardiovascular disease
Q109811360				
Q3166809				
Q2939637				
Q2833962				
Q73258407				
Q940190				
Q5621275				
Q113989313				
Q929238				
Q365050	Q3739104	natural causes	Q131742	hepatitis
Q109810634				
Q3925	Q21142718	accidental death	Q9687	traffic collision
Q17304952				
Q32985098				
Q6504193				
Q1056872				
Q87647489				
Q3484531				
Q1347314				
Q23818814				
Q6141560	Q3739104	natural causes	Q12078	cancer
Q5407617				
Q3435178				
Q2960758				
Q82212				
Q3185614				
Q192131				
Q3261261				
Q3185144				
Q928664				
Q3300832				
Q3608946				
Q2255683				
Q572943	Q10737	suicide		
Q3047773				
Q3174535				
Q456776	Q3739104	natural causes	Q12192	pneumonia
Q2231385				
Q1337643	Q3739104	natural causes	Q12202	stroke
Q3137			Q9687	traffic collision
Q329300				
Q2788498				
Q7964096				
Q535188				
Q62070916				
Q88550777				
Q125543843				
Q37766407				
Q519172				
Q1486186				
Q950279	Q3739104	natural causes	Q11081	Alzheimer's disease
Q3160163				
Q20027706				
Q2373686				
Q105701039				
Q716201				
Q20089286				
Q233843	Q3739104	natural causes	Q188874	colorectal cancer
Q3371780				
Q3426310			Q744913	aviation accident
Q62622675				
Q3160095				
Q2958599				
Q1097754				
Q34618	Q3739104	natural causes	Q12152	myocardial infarction
Q3171111				
Q110935128				
Q23891153				
Q205314	Q3739104	natural causes	Q12152|Q644318	myocardial infarction|vasculitis
Q771097				
Q109812186				
Q16015289				
Q1065691				
Q112364210				
Q1056920				
Q4163158				
Q113271				
Q822756	Q3739104	natural causes	Q12152	myocardial infarction
Q313584				
Q3158657				
Q3262928				
Q2093504				
Q295830				
Q3102172				
Q121926				
Q441323				
Q779433				
Q2526527				
Q316536	Q3739104	natural causes	Q12204	tuberculosis
Q1343174	Q3739104	natural causes	Q1368943	cerebral hemorrhage
Q3426802				
Q1509075				
Q104715431				
Q97016498				
Q84849938				
Q3164202				
Q1246805				
Q3955906				
Q15971772				
Q3188375				
Q75306256				
Q981499				
Q708974				
Q111371189				
Q20961784				
Q3645737				
Q1707904				
Q536286				
Q326434				
Q3310240				
Q3439968				
Q3383853				
Q2522584				
Q956459				
Q522257				
Q2959015				
Q3384684				
Q16748249				
Q3131493				
Q286475				
Q98909536				
Q105338136				
Q3439309				
Q553384				
Q1556834				
Q89058242				
Q381627				
Q168971				
Q2714618	Q3739104	natural causes	Q12078	cancer
Q2935054				
Q2835258				
Q1575566				
Q3060219				
Q3383462				
Q946733				
Q945147				
Q3439435				
Q845549				
Q7099	Q3739104	natural causes		
Q6076108	Q3739104	natural causes	Q12078	cancer
Q2848934	Q3739104	natural causes	Q12204	tuberculosis
Q7833	Q3739104	natural causes	Q12152	myocardial infarction
Q6081776				
Q3023051				
Q2848176				
Q109530819				
Q373471				
Q3530721	Q3739104	natural causes	Q4651894	death from AIDS-related complications
Q444773				
Q184622	Q3739104	natural causes	Q372701	esophageal cancer
Q169906	Q3739104	natural causes	Q188874	colorectal cancer
Q120447				
Q2383986				
Q4237				
Q2645477				
Q2847292				
Q332586				
Q2958544				
Q234697				
Q1892968				
Q867071				
Q16090929				
Q3092443				
Q3426776				
Q3082051				
Q110016814				
Q2659138				
Q131987				
Q122371423				
Q2185	Q3739104	natural causes	Q208414|Q29496	leukemia|lymphoma
Q328126	Q3739104	natural causes	Q11081	Alzheimer's disease
Q1787839				
Q2925431				
Q1521637				
Q3261440				
Q3843048				
Q3056848				
Q110176757				
Q3384123				
Q3169934				
Q1333130				
Q120993	Q3739104	natural causes	Q3854687	tuberculous meningitis
Q3507064				
Q3573482				
Q52149846				
Q6095801				
Q3174743				
Q48956				
Q3104182				
Q2087071				
Q98966				
Q5130333				
Q290517				
Q1377389				
Q125873782				
Q3292688				
Q3092464				
Q2842375	Q3739104	natural causes	Q47912	lung cancer
Q664268	Q21142718	accidental death	Q9687	traffic collision
Q65153527				
Q3171349				
Q4935602	Q3739104	natural causes	Q12078	cancer
Q523545	Q3739104	natural causes	Q3010352	cerebrovascular disease
Q507447				
Q1539178				
Q3130927				
Q452065	Q3739104	natural causes	Q12136	disease
Q3168560				
Q3166986	Q3739104	natural causes	Q84263196	COVID-19
Q2353665				
Q76430	Q3739104	natural causes	Q12090	cholera
Q12792288				
Q47773219				
Q298827				
Q112228597				
Q3121896				
Q29261443				
Q2847576				
Q48301	Q3739104	natural causes	Q18123741	infectious disease
Q116045752				
Q3371159				
Q7126963				
Q20643943				
Q3261559				
Q328335	Q3739104	natural causes	Q12078	cancer
Q959431	Q3739104	natural causes	Q12202	stroke
Q2958854				
Q46373	Q3739104	natural causes	Q12202|Q189389	aneurysm|stroke
Q450179				
Q52155183				
Q558245				
Q2847739				
Q1589056				
Q55837116				
Q518748				
Q1228588				
Q3428829	Q3739104	natural causes	Q47912	lung cancer
Q19414361				
Q1292046				
Q518672				
Q3103122				
Q20829767				
Q1441510	Q18663901	death in battle		
Q2830410				
Q3173456				
Q2606914				
Q3101478				
Q2959052				
Q18508257				
Q676001				
Q21072290	Q3739104	natural causes	Q83030	dementia
Q3102455				
Q520493				
Q1351843				
Q16661346				
Q709423				
Q3262301				
Q465452	Q3739104	natural causes	Q9303627	brain cancer
Q350868				
Q88787844				
Q131452241				
Q67848				
Q3062962				
Q112836753				
Q109811671				
Q29558840				
Q17621305				
Q909321				
Q104032310				
Q722412	Q3739104	natural causes	Q12152	myocardial infarction
Q736747				
Q2847922				
Q2966075				
Q2994845				
Q3301240				
Q97035489				
Q1557621				
Q3091070				
Q315048				
Q3767928				
Q15970264				
Q1167963				
Q3588314				
Q34012	Q3739104	natural causes	Q767485	respiratory failure
Q3121841				
Q289739				
Q380297				
Q131456364				
Q3102738				
Q50810352				
Q7287342				
Q97119707				
Q105952594				
Q2847184				
Q16663836				
Q109810077				
Q3588517				
Q53709544				
Q366285	Q3739104	natural causes	Q189588	stomach cancer
Q75960				
Q3384856				
Q1360161				
Q19629756				
Q3166529				
Q3057087				
Q106859643				
Q1236111				
Q2504249				
Q3592029				
Q1384876				
Q165274	Q3739104	natural causes	Q47912	lung cancer
Q503457				
Q16626524				
Q443085				
Q3127598				
Q364292				
Q106529	Q3739104	natural causes	Q208414	lymphoma
Q590424	Q3739104	natural causes	Q12192	pneumonia
Q16026652				
Q986489				
Q45095				
Q47805466				
Q1600689				
Q104820208				
Q1700656				
Q3262860				
Q1489747				
Q296673	Q3739104	natural causes	Q12152	myocardial infarction
Q3136076				
Q172489	Q3739104	natural causes	Q12078	cancer
Q3189669				
Q19629753				
Q104710906				
Q164405				
Q1393305				
Q27901780				
Q3357062				
Q60827628				
Q2871623				
Q57317				
Q3099028				
Q48757889				
Q3057141				
Q5546117				
Q313348				
Q561201				
Q3131768				
Q16117184				
Q2958875				
Q45299750				
Q319011				
Q3093739				
Q40640				
Q3568432				
Q68911				
Q88068961				
Q3434559				
Q17309073				
Q713487	Q149086	homicide	Q2140674	gunshot wound
Q2627441				
Q2159109				
Q47484				
Q1930832	Q3739104	natural causes	Q12136	disease
Q6850985				
Q131385609				
Q20904997				
Q52149883				
Q1711802				
Q112291001				
Q152764	Q10737	suicide		
Q3310061				
Q1706806				
Q59911027				
Q109811403				
Q56249089				
Q880589	Q3739104	natural causes	Q767485	respiratory failure
Q3237600				
Q476562				
Q313666				
Q471727	Q3739104	natural causes	Q206901	amyotrophic lateral sclerosis
Q6196602	Q3739104	natural causes	Q124292	cholangiocarcinoma
Q3387029				
Q176519				
Q105921314				
Q1356387				
Q3168982	Q3739104	natural causes	Q12202	stroke
Q2861991				
Q3184526				
Q86516				
Q274285				
Q3174103				
Q23782684				
Q1074290				
Q699393				
Q3261674				
Q255584				
Q2935066				
Q27999066				
Q3346259				
Q6191300				
Q2828049	Q3739104	natural causes	Q12136	disease
Q781439	Q3739104	natural causes	Q12192	pneumonia
Q942808				
Q96002570				
Q3173654				
Q20638159				
Q102213799				
Q3190033	Q21142718	accidental death	Q9687	traffic collision
Q35160257				
Q2848944	Q3739104	natural causes	Q11081	Alzheimer's disease
Q3159736				
Q4258652				
Q960594	Q3739104	natural causes	Q189389	aneurysm
Q2845596				
Q1607305				
Q5317995	Q3739104	natural causes	Q11085	Parkinson's disease
Q108129667				
Q2015052	Q3739104	natural causes	Q623031	liver cancer
Q1386078				
Q585515	Q3739104	natural causes	Q131742	hepatitis
Q2063803				
Q2935068				
Q98783107				
Q60569262				
Q3086906				
Q3386050				
Q33109693				
Q21334196				
Q721331				
Q365284				
Q2847545				
Q443142				
Q5136857				
Q24284536				
Q518179				
Q18020753				
Q1372984				
Q1652736				
Q127868954				
Q5366478				
Q3131916				
Q3426134				
Q963856				
Q19936351				
Q1505997				
Q3770523				
Q3059770				
Q618902				
Q325242				
Q18177052				
Q866077				
Q366355	Q3739104	natural causes	Q18554919	bone cancer
Q3271863				
Q163159				
Q503861				
Q3749992				
Q3069115				
Q61885865				
Q2856600				
Q133308473				
Q1270734				
Q157191				
Q25929699				
Q34670	Q21142718	accidental death	Q7523802	single-vehicle accident
Q18214860				
Q430212			Q168983	conflagration
Q466063	Q3739104	natural causes		
Q3608205				
Q3372188				
Q2411194				
Q33120379				
Q1876108				
Q4899687	Q3739104	natural causes	Q372701	esophageal cancer
Q723391				
Q56254520				
Q3014886				
Q18508423				
Q5715404				
Q20204185				
Q275979	Q3739104	natural causes	Q12152	myocardial infarction
Q56676592				
Q107099004				
Q55771026				
Q2741489				
Q76327				
Q3163650				
Q1097717				
Q3088654	Q18663901|Q21142718	accidental death|death in battle		
Q3386293				
Q3104174				
Q981459				
Q66684950				
Q6171051				
Q50364751				
Q1064554				
Q2023843				
Q109810728				
Q110225856				
Q697358	Q3739104	natural causes	Q12136	disease
Q16663828				
Q1356487	Q3739104	natural causes	Q12078	cancer
Q934337				
Q320605				
Q3087508				
Q3426758				
Q14060	Q10737|Q2746270	forced suicide|suicide	Q883082	cyanide poisoning
Q529098				
Q165006			Q2140674	gunshot wound
Q501	Q3739104	natural causes	Q41083	syphilis
Q1063864				
Q3188477				
Q106255				
Q131684178				
Q33100381				
Q5080144				
Q2977381				
Q127270				
Q2266429				
Q2978569				
Q4015422				
Q3262422				
Q5515672				
Q3298552	Q3739104	natural causes	Q12078	cancer
Q3084722				
Q123190				
Q3382860				
Q3121096				
Q3302069				
Q2006144	Q3739104	natural causes	Q3286546	respiratory disease
Q231255	Q3739104	natural causes	Q12152|Q12202	myocardial infarction|stroke
Q693529				
Q2908	Q21142718	accidental death	Q744913	aviation accident
Q945624				
Q3121901				
Q3172166				
Q981598				
Q5497927				
Q3131264				
Q2004714				
Q15489395				
Q1409166				
Q828691				
Q298051				
Q65588583				
Q3383081				
Q109812552				
Q93371493				
Q3435824				
Q3083861				
Q29560365				
Q278850				
Q586701				
Q57365	Q3739104	natural causes	Q147778	liver cirrhosis
Q26769583				
Q901889				
Q20971392				
Q973291				
Q198644				
Q101423425				
Q3174071				
Q4792857	Q3739104	natural causes	Q12152	myocardial infarction
Q342878				
Q105937852				
Q90150370				
Q3299110				
Q1371253				
Q3090236				
Q315656	Q3739104	natural causes	Q180762	angina pectoris
Q284879				
Q57416816				
Q3088192				
Q6282039				
Q544388				
Q563374				
Q3438741				
Q918696				
Q3013845				
Q2161773				
Q55672137				
Q662517				
Q4266506				
Q122371681				
Q1354290				
Q3579714	Q18663901	death in battle	Q2140674	gunshot wound
Q110223240				
Q3171570				
Q3426638				
Q2398141				
Q43127123				
Q20027720				
Q1051027				
Q879017				
Q99192618				
Q1512931				
Q21568314				
Q76851				
Q4720806				
Q647707				
Q3385938				
Q3173138				
Q1685780				
Q561479	Q3739104	natural causes	Q189588	stomach cancer
Q1353447				
Q3165014				
Q3262606				
Q2115003				
Q524814			Q19403959	railway accident
Q3060211				
Q1865741				
Q6111763	Q3739104	natural causes	Q12152	myocardial infarction
Q22669306				
Q3167590				
Q55004	Q3739104	natural causes	Q12152	myocardial infarction
Q345231	Q3739104	natural causes	Q12206|Q2290446	diabetes|idiopathic pulmonary fibrosis
Q2144751				
Q1894812				
Q452234	Q3739104	natural causes	Q202837	cardiac arrest
Q1356954				
Q1079532				
Q55010	Q3739104	natural causes	Q12152	myocardial infarction
Q691457				
Q52150948				
Q16798465				
Q3574235				
Q950030				
Q11978316				
Q27925670				
Q3271400				
Q522956				
Q3188581				
Q2847983				
Q2157813	Q3739104	natural causes	Q181754	heart failure
Q158768	Q3739104	natural causes	Q12152	myocardial infarction
Q2918286				
Q9327	Q3739104	natural causes	Q41083	syphilis
Q41585				
Q12960	Q3739104	natural causes	Q1368943	cerebral hemorrhage
Q3093961				
Q125315547				
Q533171				
Q123603	Q3739104	natural causes	Q12152	myocardial infarction
Q677496				
Q5715587				
Q29933924				
Q1849832				
Q2898572				
Q104419271				
Q13894				
Q2482445				
Q649237	Q3739104	natural causes	Q47912	lung cancer
Q118662				
Q3266412				
Q41274555				
Q955365				
Q21294568				
Q117289459				
Q11955868				
Q110223024				
Q58317240				
Q522970				
Q549240				
Q58799	Q3739104	natural causes	Q131742	hepatitis
Q3505918				
Q449091				
Q2982525				
Q722926				
Q76359				
Q503310				
Q733197				
Q127516626				
Q1445424				
Q24002696				
Q209861				
Q3171139				
Q16222020				
Q110126612				
Q20723717				
Q15436730				
Q28092796				
Q3573440				
Q20894455	Q21142718	accidental death	Q9687	traffic collision
Q2958239				
Q518002				
Q3121538				
Q84563270				
Q15407095				
Q2871003				
Q1972958	Q3739104	natural causes	Q12152	myocardial infarction
Q369758				
Q9711	Q3739104	natural causes	Q168805	gangrene
Q116895919				
Q623595			Q14467705	surgical complications
Q3055080				
Q7199	Q3739104	natural causes	Q12192	pneumonia
Q3420757				
Q3262741				
Q3102510				
Q361734				
Q55663701				
Q94992	Q3739104	natural causes	Q12136|Q12202	disease|stroke
Q41798595				
Q3386526				
Q3310132				
Q3159106				
Q462662	Q10737	suicide	Q3505252	drug overdose
Q16650304				
Q3419119				
Q1152409	Q3739104	natural causes	Q206901	amyotrophic lateral sclerosis
Q27074372				
Q691456				
Q2118124				
Q77237	Q3739104	natural causes	Q47790	tetanus
Q522551				
Q3121269				
Q18214143				
Q2959267				
Q3172320				
Q447103				
Q3371065				
Q57587494				
Q215769				
Q21458793				
Q3099107				
Q535013				
Q3380400				
Q1666714	Q3739104	natural causes	Q220570	pulmonary embolism
Q3938907				
Q678009	Q21142718	accidental death	Q9687	traffic collision
Q2215593				
Q862935				
Q3266159				
Q2836659				
Q76505336				
Q30332125				
Q317957				
Q3158411				
Q99211960				
Q1065281				
Q3092511				
Q179491				
Q1479447				
Q50377517				
Q5078627				
Q42760910				
Q7817347				
Q2959931				
Q918916	Q3739104	natural causes	Q12152	myocardial infarction
Q3173146				
Q698422				
Q630464				
Q642060				
Q3425914				
Q31941782				
Q20737670				
Q3084163				
Q1894973				
Q3167633				
Q42593536				
Q106595537				
Q9159627				
Q37973137				
Q356032				
Q290345				
Q109811739				
Q21465378				
Q266391	Q3739104	natural causes	Q181754	heart failure
Q55991858				
Q110223250				
Q3426411				
Q3387278	Q3739104	natural causes	Q12078	cancer
Q67928203				
Q104586306				
Q3265666				
Q3100982				
Q656511				
Q3170716				
Q20971780				
Q3163746				
Q325834				
Q3184823				
Q609441				
Q3588048				
Q105412715				
Q216814				
Q122369384				
Q693828	Q3739104	natural causes	Q12078	cancer
Q61864				
Q241732				
Q3288380				
Q3301489				
Q130150848	Q149086	homicide	Q2140674	gunshot wound
Q1940443	Q21142718	accidental death	Q9637047	struck by vehicle
Q16798459				
Q3434617				
Q314051	Q3739104	natural causes	Q181257	prostate cancer
Q901574				
Q110223254				
Q207298				
Q503979				
Q30118258				
Q23142674				
Q3159455				
Q6195761	Q3739104	natural causes	Q206901	amyotrophic lateral sclerosis
Q102155310				
Q1077469				
Q7599630				
Q121328				
Q974271				
Q3102891				
Q121165211				
Q1339933	Q3739104	natural causes	Q12078	cancer
Q36107	Q3739104	natural causes	Q3286546	respiratory disease
Q3385333				
Q212081				
Q32885313				
Q17577	Q3739104	natural causes	Q181257	prostate cancer
Q27662413				
Q3386188				
Q32860012				
Q455509				
Q171565				
Q2824849				
Q437340				
Q2976994	Q3739104	natural causes	Q12078	cancer
Q71965589				
Q609039				
Q2409143	Q3739104	natural causes	Q181257	prostate cancer
Q2627812				
Q3081263				
Q3289087				
Q3548137				
Q57386	Q10737	suicide	Q3505252	drug overdose
Q3169969				
Q514492				
Q12790850				
Q3184794				
Q15973987				
Q15782546				
Q3387288				
Q94939839				
Q27767347				
Q2150087				
Q312582	Q10737	suicide	Q2140674	gunshot wound
Q326990				
Q122368823				
Q21464305				
Q3386332				
Q134085				
Q45075				
Q12680	Q149086	homicide	Q2140674	gunshot wound
Q3288725				
Q3140431				
Q2861926				
Q18410	Q21142718	accidental death	Q744913	aviation accident
Q518827				
Q23638986				
Q496850				
Q881892	Q3739104	natural causes	Q12202	stroke
Q494583	Q21142718	accidental death	Q333495	falling
Q187765	Q3739104	natural causes	Q389735	cardiovascular disease
Q61755893				
Q115201004				
Q977136				
Q1361803				
Q2847198				
Q76158				
Q3300310				
Q4796878				
Q72642				
Q1585				
Q3048				
Q3132169				
Q22572514				
Q931278				
Q3434601				
Q6050				
Q2119579				
Q109812266				
Q3438921	Q3739104	natural causes	Q12078	cancer
Q2706190				
Q462281				
Q2494	Q3739104	natural causes		
Q3185034				
Q680897	Q21142718	accidental death		
Q123075	Q3739104	natural causes	Q12152	myocardial infarction
Q53343	Q21142718	accidental death	Q9687	traffic collision
Q23842	Q3739104	natural causes	Q12152|Q29496	leukemia|myocardial infarction
Q3174862	Q18663901	death in battle		
Q54351142				
Q433773				
Q2773178			Q2992978	Congestion pulmonaire
Q4096130				
Q3293796				
Q1373520				
Q80884				
Q96741346				
Q16910287				
Q516858	Q3739104	natural causes	Q12192	pneumonia
Q3265397				
Q433116				
Q3130375				
Q3010435				
Q27311546				
Q1605937				
Q3440700				
Q110622664				
Q25708319				
Q3403269				
Q354430				
Q6793117				
Q72573300				
Q353924				
Q3102084	Q3739104	natural causes	Q12192	pneumonia
Q918630				
Q112388198				
Q3934541				
Q3309217				
Q95720423				
Q187019	Q3739104	natural causes	Q181754	heart failure
Q30721307				
Q2391241				
Q52150403				
Q104540819				
Q78156451				
Q24846550				
Q52154826				
Q161247				
Q3047740				
Q233173				
Q26250479				
Q3641288	Q10737	suicide		
Q241222	Q3739104	natural causes	Q12152	myocardial infarction
Q274646				
Q2404639				
Q16222649				
Q4009816				
Q3098934				
Q122368698				
Q3380312				
Q544915				
Q152388				
Q2847559				
Q434577				
Q65711229				
Q3386407				
Q17497031				
Q1029190				
Q3014816				
Q42443				
Q1243280				
Q109811865				
Q122368777				
Q405682				
Q287244				
Q218311				
Q5404560				
Q3100462	Q3739104	natural causes	Q47912	lung cancer
Q16869282				
Q541859	Q3739104	natural causes	Q12078	cancer
Q643861				
Q122706176				
Q3295599	Q3739104	natural causes	Q12152	myocardial infarction
Q99237609				
Q7297456				
Q2980612				
Q29261529				
Q17638330				
Q3310089	Q3739104	natural causes	Q12152	myocardial infarction
Q52249				
Q459586				
Q110160697				
Q221775				
Q3382751				
Q3372253				
Q3265475				
Q1605837				
Q2959867				
Q6860819	Q3739104	natural causes	Q12152	myocardial infarction
Q4168205				
Q1898915				
Q1681225				
Q2834553				
Q16027061				
Q463531	Q21142718	accidental death	Q906512	shipwrecking
Q3188966	Q21142718	accidental death		
Q3384543				
Q54942455				
Q3384741				
Q3170868				
Q1323989				
Q3372217				
Q274909				
Q2912778				
Q56009	Q3739104	natural causes		
Q172105				
Q263398				
Q766920				
Q21209184				
Q21104250				
Q52115746				
Q613313				
Q3609870				
Q499162				
Q37767	Q3739104	natural causes	Q188605	pulmonary emphysema
Q1690840				
Q274940	Q21142718	accidental death		
Q3174026				
Q430209	Q3739104	natural causes	Q12202	stroke
Q1042562				
Q1557415				
Q3170708				
Q25982962				
Q1441197				
Q717870				
Q888604				
Q66436519				
Q158749	Q3739104	natural causes	Q12192	pneumonia
Q21529407				
Q4428845				
Q3305989				
Q459510				
Q230733				
Q53331				
Q15944893				
Q3052671				
Q12091				
Q4724	Q3739104	natural causes	Q12152	myocardial infarction
Q105046996				
Q60262				
Q114341909				
Q1398223				
Q3300919				
Q1055780				
Q365890	Q3739104	natural causes	Q12192	pneumonia
Q348474	Q3739104	natural causes	Q12152	myocardial infarction
Q17484258				
Q3099181				
Q579275				
Q110223262				
Q314172				
Q3158127				
Q2941056				
Q100696489				
Q2060081				
Q3052711				
Q2830945				
Q690725	Q149086	homicide	Q2140674	gunshot wound
Q2589641				
Q122368796				
Q666992				
Q2871434				
Q2847265				
Q3446794				
Q2831464				
Q3121546				
Q70366				
Q1405839				
Q928567				
Q214549				
Q33294408				
Q194838				
Q3580021				
Q1064158				
Q41948254				
Q19606828				
Q2086	Q21142718	accidental death	Q7703545	Category:Racing drivers who died while racing
Q951787				
Q20851265				
Q3165056				
Q2366473				
Q1080042			Q206901	amyotrophic lateral sclerosis
Q6630096				
Q455682				
Q527632	Q3739104	natural causes	Q83030	dementia
Q2418649				
Q3386747				
Q18507688				
Q2752811				
Q2637928				
Q498211	Q3739104	natural causes	Q3010352	cerebrovascular disease
Q3526691				
Q979575				
Q2385685				
Q2830170				
Q114069629				
Q55995831				
Q28854975				
Q327146	Q3739104	natural causes	Q12152	myocardial infarction
Q3167327				
Q19895472				
Q44598153				
Q3060221				
Q52148342				
Q445815				
Q2719917				
Q122371508				
Q55469644				
Q87766227				
Q160223				
Q1677922				
Q135208702				
Q52148673				
Q1384888				
Q16232545				
Q47843772				
Q132750843				
Q2262935				
Q584489				
Q3271801				
Q3188539				
Q120476333				
Q18744813				
Q3175735				
Q46993093				
Q3068548				
Q125704203				
Q3385808				
Q3395523				
Q109811864				
Q4798393				
Q13888	Q3739104	natural causes	Q12202	stroke
Q534227				
Q3384952				
Q16552143				
Q2003270				
Q173078				
Q591144				
Q6007281				
Q1508822				
Q2747619				
Q32257				
Q2848670				
Q461213				
Q2832152				
Q3083016				
Q58033				
Q957080				
Q3427158				
Q3289073				
Q3063610				
Q342381				
Q970727				
Q24033564				
Q2624477				
Q1508814				
Q28057597				
Q15944903				
Q3050841				
Q19402775			Q9687	traffic collision
Q180962	Q3739104	natural causes	Q476921	kidney failure
Q640963				
Q3091262				
Q15970419				
Q5494483	Q3739104	natural causes	Q47912	lung cancer
Q1230098				
Q293245				
Q559565	Q3739104	natural causes	Q12152	myocardial infarction
Q109812615				
Q2353415				
Q1150362				
Q5493296				
Q436910	Q3739104	natural causes	Q11085	Parkinson's disease
Q19282143				
Q27708663				
Q3072874				
Q3383653				
Q492154				
Q1355256				
Q103964842				
Q16662873				
Q19958728				
Q114774228				
Q52420265				
Q914476				
Q21393768				
Q3270988				
Q18214039				
Q114980120				
Q38041148	Q10737	suicide	Q18621601	intoxication
Q3170837				
Q541516				
Q3103564				
Q101839				
Q3293852				
Q3185060				
Q16741010				
Q3383060				
Q19966987				
Q3070707				
Q18748081				
Q18744852				
Q361139	Q3739104	natural causes	Q47912	lung cancer
Q107438032				
Q327825				
Q3557505				
Q8442	Q3739104	natural causes	Q84955445	respiratory arrest
Q220856				
Q3794				
Q3765397				
Q110935	Q3739104	natural causes	Q12192	pneumonia
Q1947586	Q3739104	natural causes	Q83319	typhoid fever
Q55400932				
Q49465	Q3739104	natural causes	Q41083	syphilis
Q98310261				
Q943109				
Q679494				
Q1065138	Q3739104	natural causes	Q12078	cancer
Q2019130				
Q1911436				
Q441127				
Q3158111				
Q105069399				
Q3507124				
Q2977185				
Q124936737				
Q2619779	Q3739104	natural causes	Q12152	myocardial infarction
Q3185902				
Q3102635				
Q30228577				
Q113989365				
Q3164929				
Q2242566				
Q3420808				
Q2422961				
Q200085				
Q96985924				
Q1121416	Q10737	suicide	Q506616	drowning
Q105840143				
Q939464				
Q1109027				
Q2848237				
Q930720				
Q3168021				
Q1479496				
Q2059885	Q3739104	natural causes	Q12078	cancer
Q534343	Q8454	capital punishment		
Q122371447				
Q1759033				
Q1370520	Q3739104	natural causes	Q12152	myocardial infarction
Q3903431				
Q7182345	Q3739104	natural causes	Q29496	leukemia
Q129066				
Q927531				
Q3028695				
Q4909743				
Q4722175				
Q3086919				
Q3554193				
Q2667	Q3739104	natural causes	Q47912	lung cancer
Q17518387				
Q17350769				
Q3383956				
Q1607879				
Q6306018				
Q16631493				
Q17485895				
Q21452817				
Q25423136				
Q16011987				
Q656398				
Q109857552				
Q36979204				
Q3426546				
Q126956315				
Q540206				
Q3292909				
Q3557262				
Q179888				
Q358965				
Q165910	Q3739104	natural causes	Q47912	lung cancer
Q116972				
Q50713				
Q3371811				
Q920017	Q3739104	natural causes	Q12192	pneumonia
Q3134394				
Q55238771				
Q2848306				
Q99600350				
Q3310325				
Q541754				
Q28197175				
Q1605814				
Q267691	Q3739104	natural causes	Q11085	Parkinson's disease
Q1333281				
Q741988				
Q3142009				
Q131416353				
Q3435198				
Q3426873				
Q3296275				
Q371957				
Q364310				
Q633817				
Q3173998				
Q21522846				
Q66764735				
Q3426618				
Q8078267				
Q970679				
Q111209183				
Q3384203				
Q76556				
Q3370879				
Q3288850				
Q110223248				
Q943826				
Q133855	Q3739104	natural causes	Q178275	1918–1920 flu pandemic
Q224515				
Q365771				
Q7192041				
Q778897				
Q445317				
Q38001390				
Q28096504				
Q2847355			Q744913	aviation accident
Q981490				
Q517132				
Q2959483				
Q3171228				
Q15999414				
Q3057131				
Q379956	Q10737	suicide	Q883082	cyanide poisoning
Q93797	Q3739104	natural causes	Q188874	colorectal cancer
Q1337220				
Q2994968				
Q2847360				
Q3069167				
Q88101350				
Q5546789				
Q742622				
Q52150959				
Q1536807				
Q228699	Q149086	homicide	Q464643	stabbing
Q27058314				
Q18418654				
Q71507				
Q1373421				
Q139560	Q3739104	natural causes	Q55790434	lip and oral cavity carcinoma
Q114985530				
Q1678088	Q3739104	natural causes	Q12152	myocardial infarction
Q711485				
Q741790				
Q98647240				
Q50374760				
Q559926				
Q3724232				
Q3371755				
Q1150122				
Q1306390				
Q2960255				
Q3157756	Q3739104	natural causes	Q12152	myocardial infarction
Q63173				
Q1360513	Q21142718	accidental death	Q9687	traffic collision
Q3093751				
Q12324952				
Q3158225				
Q26833468				
Q15981				
Q816479				
Q64489268				
Q2847853				
Q289217				
Q6253818				
Q7343748				
Q365740				
Q16644316				
Q1676617				
Q234604	Q3739104	natural causes	Q181754	heart failure
Q313457				
Q22248719				
Q55418266				
Q606768				
Q25320				
Q482827			Q506616	drowning
Q7317	Q3739104	natural causes	Q12202	stroke
Q239910	Q3739104	natural causes	Q181754	heart failure
Q1242626				
Q3288291				
Q660260				
Q312368	Q21142718	accidental death	Q15809226	bicycle accident
Q5605078				
Q109810642				
Q527001	Q3739104	natural causes	Q3242950	kidney cancer
Q22103875				
Q14330245				
Q3173119				
Q3057018				
Q487218				
Q6838697				
Q739986				
Q3121126				
Q2094052				
Q52690446				
Q109812299				
Q1605124				
Q98834185				
Q122371502				
Q2469682				
Q1898828				
Q3386362				
Q109812600				
Q1887906				
Q1165939				
Q1879479				
Q951352				
Q561378	Q21142718	accidental death	Q19403959	railway accident
Q1069292				
Q1528124				
Q138337401				
Q710019				
Q106907	Q3739104	natural causes	Q47912	lung cancer
Q61662	Q3739104	natural causes	Q12192	pneumonia
Q17350316				
Q18508314				
Q3171499				
Q669893	Q149086	homicide	Q3966286	execution
Q1607436				
Q3440142				
Q9144266				
Q5026678				
Q351359	Q3739104	natural causes	Q12152	myocardial infarction
Q366227				
Q3579716				
Q18413735				
Q109813025				
Q117064391				
Q3172406				
Q15970671				
Q325451				
Q12792271				
Q60435				
Q1678077				
Q15526010				
Q3235877	Q3739104	natural causes	Q11085	Parkinson's disease
Q660403				
Q3438671				
Q1133864	Q3739104	natural causes	Q12152	myocardial infarction
Q1953120				
Q98546805				
Q121111997				
Q678163				
Q1494309				
Q3385784				
Q1063382				
Q447879				
Q81752				
Q965545	Q3739104	natural causes	Q11085	Parkinson's disease
Q616771				
Q1399264				
Q89020536				
Q547339				
Q516781				
Q3384488				
Q15695974				
Q3379369				
Q20127388				
Q3766089				
Q3370525				
Q6197504				
Q1380767	Q3739104	natural causes	Q12202	stroke
Q110224473				
Q19519229				
Q3124414				
Q3438614				
Q922237				
Q12878506				
Q683475				
Q43135187				
Q2847989				
Q125985432				
Q1553744				
Q318297	Q3739104	natural causes	Q11081	Alzheimer's disease
Q28065492				
Q1685706				
Q4018014				
Q3092556				
Q16641552				
Q94888449				
Q32408878				
Q3260318				
Q29034843				
Q967896				
Q18443				
Q56249359				
Q62078388				
Q112263953				
Q452291	Q3739104	natural causes	Q29496	leukemia
Q2543693				
Q4210472				
Q3012204				
Q970284				
Q8313360				
Q5490012	Q3739104	natural causes	Q181754	heart failure
Q3340455				
Q3270706				
Q2934860				
Q736225				
Q164979				
Q124708023				
Q1318545	Q21142718	accidental death		
Q319527	Q3739104	natural causes	Q12078	cancer
Q1729196				
Q3434665				
Q3438709				
Q71465				
Q887563				
Q27467928				
Q2735990				
Q3188566				
Q104582				
Q55626698				
Q2977782				
Q134713095				
Q34067368				
Q5469101	Q3739104	natural causes	Q12152	myocardial infarction
Q150445	Q3739104	natural causes	Q12152	myocardial infarction
Q2847080				
Q17350040				
Q3300384				
Q98931546				
Q2437923				
Q17350049				
Q29166544				
Q3382848				
Q96620133				
Q1248451				
Q2093025				
Q3241949	Q3739104	natural causes	Q12152	myocardial infarction
Q109812214				
Q1424117				
Q26213545				
Q16977188				
Q1810709				
Q3301285				
Q2835031				
Q55238754				
Q3434496				
Q3265583				
Q600387				
Q611481	Q3739104	natural causes	Q816798	amyloidosis
Q330364				
Q645106				
Q88361594				
Q382987				
Q98546427				
Q522455			Q11637534	falling from height
Q133248625				
Q3103159	Q3739104	natural causes	Q12152	myocardial infarction
Q2097468				
Q3158123				
Q109810759				
Q537074				
Q968205	Q3739104	natural causes	Q12078	cancer
Q2824755	Q3739104	natural causes	Q189588	stomach cancer
Q3387352				
Q3184778				
Q3426879				
Q131457115				
Q125808502				
Q109810613				
Q47537414				
Q104525016				
Q991589				
Q3170466				
Q959114				
Q2263151				
Q3592294				
Q3186492				
Q64762770				
Q106443	Q3739104	natural causes	Q11081	Alzheimer's disease
Q1970711				
Q5993740	Q3739104	natural causes	Q11081	Alzheimer's disease
Q221001	Q3739104	natural causes	Q189588	stomach cancer
Q336467				
Q1285065				
Q3725677				
Q217068	Q21142718	accidental death		
Q3370399				
Q41557708				
Q3163688				
Q543437				
Q266934				
Q1079578				
Q3185712				
Q2365412				
Q1631	Q3739104	natural causes	Q2361887	internal bleeding
Q110223228				
Q517743				
Q55425247				
Q733295				
Q3939978				
Q30727786				
Q112302760				
Q2847661				
Q459554				
Q1449585				
Q61749360				
Q3301567				
Q3302267				
Q7346604				
Q3059988				
Q20708048				
Q681776				
Q7964069	Q3739104	natural causes	Q212961	pancreatic cancer
Q440565				
Q2093567	Q3739104	natural causes	Q47912	lung cancer
Q3592119				
Q131672955				
Q19662218				
Q1280412				
Q1383760				
Q3421125				
Q2853905				
Q11205530				
Q3131401				
Q3302200				
Q709133	Q3739104	natural causes	Q12152	myocardial infarction
Q43948009				
Q1380885				
Q51107	Q3739104	natural causes	Q168805	gangrene
Q181529			Q14467705	surgical complications
Q110223235				
Q62117223				
Q100251255				
Q21196737				
Q140465912				
Q1350125				
Q3069281				
Q607202				
Q721144				
Q3457019				
Q94020319				
Q54855725				
Q3474057				
Q1698	Q3739104	natural causes	Q12152	myocardial infarction
Q7327563	Q3739104	natural causes	Q11081	Alzheimer's disease
Q23951217				
Q114769558				
Q313062	Q3739104	natural causes	Q11085	Parkinson's disease
Q219403				
Q3132066				
Q37596246				
Q18578133				
Q3260393				
Q50387161				
Q633638				
Q2602389				
Q168401				
Q17321436				
Q2695963				
Q57543906				
Q975562				
Q27924464				
Q26257677				
Q3265329				
Q215092	Q3739104	natural causes	Q12152	myocardial infarction
Q5340215				
Q324622				
Q6513528				
Q16225100				
Q730391				
Q76966				
Q18599368				
Q3741951			Q18054140	collapse
Q3081554	Q3739104	natural causes	Q12078	cancer
Q1357606				
Q23815885				
Q5919292				
Q311276	Q3739104	natural causes	Q1368943	cerebral hemorrhage
Q15971844				
Q44872				
Q324009				
Q53001534				
Q315434				
Q62055370				
Q3158148				
Q1744175				
Q474407				
Q286375				
Q3385472				
Q5542638				
Q15973693				
Q3121656				
Q10357698				
Q3167016				
Q980799				
Q1686239				
Q1347232	Q3739104	natural causes	Q12192	pneumonia
Q363889	Q3739104	natural causes	Q12078	cancer
Q212549				
Q228546	Q3739104	natural causes	Q41083	syphilis
Q21457678				
Q1356363				
Q122371624				
Q52148319				
Q45978			Q9687	traffic collision
Q3419272				
Q1010618			Q9687	traffic collision
Q502963				
Q5218366				
Q3371866			Q19403959	railway accident
Q3302108				
Q374960	Q3739104	natural causes	Q181754	heart failure
Q76480				
Q3496692				
Q47507756				
Q353873				
Q3158185				
Q503297				
Q5517479				
Q52150703				
Q2871362				
Q56654497				
Q3271106				
Q59528272				
Q446900				
Q3260664				
Q1285750				
Q5394818	Q3739104	natural causes	Q12078	cancer
Q3754802	Q18663901	death in battle		
Q68898	Q3739104	natural causes	Q623031	liver cancer
Q1236412	Q3739104	natural causes	Q11085|Q12192	Parkinson's disease|pneumonia
Q3083650				
Q3059882				
Q159946				
Q106658423				
Q3103185				
Q3588724				
Q2330986				
Q3300876				
Q5622713				
Q3092549				
Q7051588				
Q3608203				
Q954783				
Q442717				
Q3042971				
Q1009528				
Q710027	Q3739104	natural causes	Q11085	Parkinson's disease
Q279382	Q21142718	accidental death		
Q109810047				
Q3035162				
Q3379306				
Q524631				
Q87975				
Q3174574				
Q3105836				
Q88350833				
Q492460				
Q18608374				
Q20018194				
Q73894225				
Q467676	Q3739104	natural causes	Q12152	myocardial infarction
Q2825147				
Q772578				
Q105064705				
Q880779	Q3739104	natural causes	Q12192	pneumonia
Q1024192				
Q129011				
Q99237876				
Q47034955				
Q55105213				
Q545965				
Q2569207				
Q19631337				
Q474389				
Q154812	Q3739104	natural causes	Q12204	tuberculosis
Q1637651				
Q37512862				
Q8317383				
Q192749				
Q3580024				
Q827443				
Q3056716				
Q4721456				
Q3592105				
Q3265639				
Q31817363				
Q4973890				
Q1699957	Q3739104	natural causes	Q12206	diabetes
Q1357391				
Q445802				
Q327351				
Q3171405				
Q708482				
Q297881				
Q60647				
Q2385909				
Q3060128				
Q212600				
Q381937				
Q59529830				
Q59945				
Q3300784				
Q11882388				
Q18983127				
Q3184477				
Q449706	Q3739104	natural causes	Q12152	myocardial infarction
Q559297				
Q131734650				
Q3188317				
Q3276486				
Q669725				
Q95464				
Q112263927				
Q3106718				
Q2430558				
Q309722				
Q3174532				
Q517605				
Q3166889				
Q3160089				
Q79096952				
Q3588857				
Q110450	Q3739104	natural causes	Q12152	myocardial infarction
Q959423				
Q5605079				
Q2898375				
Q3060180				
Q11984954				
Q111496301				
Q16987678				
Q3270462				
Q17384271				
Q3371802				
Q3385446				
Q3092355				
Q2835619				
Q57065				
Q2959882				
Q1065445				
Q3960871				
Q950466				
Q15970834				
Q109812678				
Q465401				
Q708863				
Q1233692	Q3739104	natural causes	Q12192	pneumonia
Q3121553			Q100159	euthanasia
Q3384082				
Q3093059				
Q84549351				
Q5546808				
Q3261895				
Q2844645	Q3739104	natural causes	Q131742	hepatitis
Q60584				
Q1273067	Q3739104	natural causes	Q12152	myocardial infarction
Q71750				
Q3170799				
Q321203				
Q1330148				
Q3186273				
Q4063608				
Q3172606			Q2140674	gunshot wound
Q1471610				
Q3371662				
Q64507890				
Q6305813				
Q561358				
Q3435526				
Q15971954				
Q274639				
Q827389	Q3739104	natural causes	Q12078	cancer
Q3263166				
Q699397				
Q600679				
Q2994863				
Q1365536				
Q516950				
Q3081582				
Q109858461				
Q3591292				
Q518401				
Q66912				
Q20203966				
Q47543617				
Q64858971				
Q52155952				
Q644679	Q3739104	natural causes	Q223102	peritonitis
Q15894642				
Q113807103				
Q15634261				
Q3934535				
Q910632				
Q3186180	Q3739104	natural causes	Q12202	stroke
Q3174509				
Q18398				
Q2977931				
Q27535854				
Q41555	Q3739104	natural causes	Q181754	heart failure
Q77096				
Q3085693				
Q23901657				
Q1608950				
Q116910293				
Q52640	Q3739104	natural causes	Q12152	myocardial infarction
Q20051299				
Q62070899				
Q434142	Q3739104	natural causes	Q12192	pneumonia
Q723371	Q21142718	accidental death		
Q774925				
Q2454214				
Q3159944				
Q7184511				
Q3069252				
Q3372488				
Q3384172				
Q1893091				
Q768197	Q3739104	natural causes	Q188874	colorectal cancer
Q1393036				
Q3379591				
Q314993	Q3739104	natural causes	Q12192	pneumonia
Q288016				
Q28470251				
Q3484051	Q3739104	natural causes	Q47912	lung cancer
Q501316				
Q26202746				
Q6256325	Q3739104	natural causes	Q12078	cancer
Q109812062				
Q5338862				
Q47786107				
Q1063574				
Q4181100				
Q55469296				
Q2825201				
Q15990910				
Q2823032				
Q16026377				
Q21523001				
Q3175006				
Q3057095	Q3739104	natural causes	Q55072931	ruptured aortic aneurysm
Q55672580				
Q3805632				
Q126126340				
Q735770				
Q3588493				
Q19519170				
Q2863365				
Q966324				
Q351276	Q3739104	natural causes	Q220570	pulmonary embolism
Q3158853				
Q17057610				
Q382926				
Q3060068				
Q7815578				
Q16228923				
Q923619				
Q540407				
Q169218				
Q109812736				
Q7345669	Q3739104	natural causes	Q12192	pneumonia
Q475489				
Q469096				
Q3175226	Q21142718	accidental death	Q9687	traffic collision
Q3436227				
Q330554				
Q3175451				
Q115033995				
Q2341410				
Q11637	Q21142718	accidental death	Q1184752	barbiturate overdose
Q4821119				
Q986120				
Q125848920				
Q107973781				
Q998913				
Q20961855				
Q345965				
Q529	Q3739104	natural causes	Q202837	cardiac arrest
Q3175268				
Q318051				
Q112709990				
Q303698				
Q158772				
Q156485				
Q1112761				
Q16238595				
Q466508	Q3739104	natural causes	Q47912	lung cancer
Q22071254				
Q3636791				
Q3103425				
Q77231				
Q725605				
Q733317				
Q2847395				
Q60869				
Q1441441	Q3739104	natural causes	Q12078|Q47912	cancer|lung cancer
Q2976757				
Q3557340				
Q96145585				
Q3047915				
Q280445				
Q79775339				
Q657402				
Q1235630				
Q630973				
Q3168365				
Q3384118				
Q2821514				
Q3157296	Q3739104	natural causes	Q767485	respiratory failure
Q2161872				
Q241250				
Q3426517				
Q124295012				
Q568591				
Q50810319				
Q3713279				
Q43444	Q3739104	natural causes	Q1368943	cerebral hemorrhage
Q71127	Q3739104	natural causes	Q11085	Parkinson's disease
Q3167495	Q21142718	accidental death		
Q723872				
Q3197941				
Q6688351				
Q191974	Q3739104	natural causes	Q220570	pulmonary embolism
Q109810699				
Q273842				
Q2978219				
Q2818876				
Q15811851				
Q2259038				
Q21427926				
Q30097905				
Q982061				
Q20128310				
Q708568				
Q1685772	Q3739104	natural causes	Q12152	myocardial infarction
Q1230705				
Q500417				
Q52150729				
Q88107896				
Q20894				
Q19859219				
Q215556				
Q1469157				
Q488145				
Q22102159				
Q237399	Q3739104	natural causes	Q12192	pneumonia
Q2833511				
Q1461962				
Q848304	Q21142718	accidental death	Q9687	traffic collision
Q2602192				
Q7325372				
Q761705				
Q1488127				
Q3270623				
Q3171996				
Q81127				
Q104528048				
Q19345839				
Q216726	Q21142718	accidental death	Q2133097	smoke inhalation injury
Q7364503				
Q2737	Q3739104	natural causes	Q12152	myocardial infarction
Q551749				
Q18639078				
Q1101209				
Q42670969				
Q467690	Q3739104	natural causes	Q12136	disease
Q1556684				
Q434040				
Q109812942				
Q537014				
Q57425	Q3739104	natural causes	Q181754|Q389735	cardiovascular disease|heart failure
Q2898102				
Q234068	Q3739104	natural causes	Q172341	ovarian cancer
Q3131327				
Q157820	Q3739104	natural causes	Q12192	pneumonia
Q281231				
Q3426463				
Q3383669				
Q18214109				
Q3370475				
Q48478018				
Q55469075				
Q28030704	Q18663901	death in battle		
Q314801				
Q55769975				
Q3167496				
Q3265300				
Q3059775				
Q7345955				
Q3421180				
Q16672985				
Q318038				
Q109812602				
Q290072				
Q3421181				
Q531240				
Q984530				
Q647018				
Q2835233				
Q3163997				
Q13415240				
Q447017	Q3739104	natural causes	Q212961	pancreatic cancer
Q2073295	Q3739104	natural causes	Q181754	heart failure
Q106544				
Q21014704				
Q719314	Q3739104	natural causes	Q212961	pancreatic cancer
Q16090585				
Q1745580				
Q16325174				
Q1560313				
Q3425728				
Q15983	Q3739104	natural causes	Q12192	pneumonia
Q16669946				
Q76683				
Q529001				
Q84492960				
Q77338	Q3739104	natural causes		
Q3645663				
Q155887	Q21142718	accidental death	Q9687	traffic collision
Q3014190				
Q16750062				
Q36979229				
Q29860				
Q122368655				
Q3173906				
Q3060175				
Q3434464				
Q602468				
Q32733				
Q15972028				
Q574628				
Q3762317				
Q2357532				
Q35112102				
Q28096514				
Q22696813				
Q617539				
Q1028553				
Q2857115				
Q88038				
Q3047980				
Q438769				
Q122369379				
Q3419214				
Q3292592				
Q1262453				
Q106630088				
Q17328851				
Q68036				
Q312529				
Q773411				
Q653621				
Q33981	Q18663901	death in battle		
Q2467009				
Q24578752				
Q18197803				
Q3083655	Q3739104	natural causes	Q47912	lung cancer
Q218022				
Q2835129				
Q16741548				
Q2871028				
Q33037539				
Q529394				
Q21462425				
Q2977149				
Q244390	Q3739104	natural causes	Q623031	liver cancer
Q2246931				
Q15970241				
Q669966				
Q3169887				
Q1487896				
Q977759				
Q157183				
Q3301494				
Q433480				
Q3473390	Q3739104	natural causes	Q84263196	COVID-19
Q3185532				
Q726390	Q3739104	natural causes	Q12152	myocardial infarction
Q1654098				
Q3383443				
Q3436221				
Q3579752				
Q7326975				
Q170357				
Q193278	Q3739104	natural causes	Q12152	myocardial infarction
Q19296030				
Q3434607				
Q3131906				
Q559277	Q3739104	natural causes	Q12078	cancer
Q44007	Q3739104	natural causes	Q958797	scleroderma
Q508632	Q3739104	natural causes	Q83319	typhoid fever
Q52484448				
Q3033432				
Q88284397				
Q55381423				
Q49417563				
Q3289545				
Q109811540				
Q2496	Q3739104	natural causes	Q181754	heart failure
Q2645384				
Q1277039	Q3739104	natural causes	Q9303627	brain cancer
Q20639156				
Q219361				
Q3265271				
Q3310866	Q10737	suicide		
Q724933				
Q435737				
Q104114627				
Q1644475				
Q2643975				
Q3609973				
Q72855746				
Q821018				
Q3190446				
Q3479668				
Q2865057				
Q547525				
Q3580007				
Q3300522				
Q109812464				
Q16661334				
Q3371523				
Q66767497				
Q19932842				
Q20672308				
Q678094				
Q12949611				
Q23926387				
Q17425774				
Q4932488				
Q19844737				
Q702173				
Q1871877				
Q1285649				
Q62137				
Q983395				
Q2645543				
Q310158	Q3739104	natural causes	Q1368943	cerebral hemorrhage
Q318391	Q3739104	natural causes	Q707774	coronary thrombosis
Q3479016				
Q712024	Q3739104	natural causes	Q12152	myocardial infarction
Q361004				
Q47490475				
Q92198172				
Q3261451				
Q164469				
Q59531795				
Q577548				
Q3425770				
Q28839311				
Q96181362				
Q6225150	Q3739104	natural causes	Q212961	pancreatic cancer
Q219390	Q3739104	natural causes	Q12078|Q212961	cancer|pancreatic cancer
Q51675288				
Q3083780				
Q766261				
Q116244				
Q99292868				
Q470524				
Q16216330				
Q3310339				
Q3175053				
Q5407235				
Q57314582				
Q18511692				
Q3588706				
Q5462414				
Q10431030				
Q733576				
Q3311131				
Q3289168				
Q3262433				
Q5697450				
Q88322842				
Q2958882				
Q125298814				
Q889495				
Q3320797				
Q2874910				
Q110914228				
Q355495	Q3739104	natural causes	Q12152|Q140751664	epectasy|myocardial infarction
Q724379				
Q3166491				
Q2061964				
Q51635317				
Q3370290				
Q6247553				
Q1685460				
Q2847619				
Q123277953				
Q1445565				
Q1858840				
Q76748	Q3739104	natural causes	Q12192	pneumonia
Q482169				
Q180727	Q3739104	natural causes	Q12202	stroke
Q156386	Q3739104	natural causes	Q168805	gangrene
Q381187				
Q155398				
Q3579934				
Q6307205				
Q3265719				
Q15995706				
Q46941723				
Q122371468				
Q3292814				
Q2848496	Q3739104	natural causes	Q11081	Alzheimer's disease
Q16526897				
Q1347715				
Q29964516				
Q276429				
Q2834938	Q3739104	natural causes	Q12152	myocardial infarction
Q126682733				
Q124960418	Q21142718	accidental death	Q9687	traffic collision
Q11923205				
Q326072	Q3739104	natural causes	Q12152	myocardial infarction
Q3386483				
Q1897467				
Q368536				
Q15691339				
Q2853463				
Q3260980				
Q3502016				
Q22693509				
Q52144880				
Q4538				
Q561486				
Q122370220				
Q3158086				
Q110176695				
Q56253744				
Q3588360				
Q3386670	Q3739104	natural causes	Q12078	cancer
Q1096813				
Q63213311				
Q5977755				
Q3778919				
Q3261486				
Q51549	Q3739104	natural causes	Q220570	pulmonary embolism
Q34787	Q3739104	natural causes	Q12078	cancer
Q3288614	Q3739104	natural causes		
Q695717				
Q3048008				
Q156193				
Q3166668				
Q3383018				
Q28108441				
Q105624074				
Q1356115				
Q3383072				
Q131424744				
Q61976394				
Q19614732				
Q2835136				
Q90148904				
Q456089				
Q29634330				
Q99770550				
Q57587612				
Q525996	Q3739104	natural causes	Q11081	Alzheimer's disease
Q3173440				
Q3289103				
Q785227				
Q2977442				
Q4356953				
Q4870976				
Q3189693				
Q3877142				
Q109810593				
Q365874				
Q29878039				
Q2831040				
Q2861800				
Q3954028				
Q22714				
Q21587635				
Q7150606				
Q3426065				
Q3132394				
Q2017793				
Q122413694				
Q3638091				
Q254785				
Q1373586				
Q98055807				
Q1930751				
Q12949024				
Q2602388				
Q171730				
Q3173576				
Q518966				
Q3121647				
Q1608278				
Q48554711				
Q2977570				
Q365413			Q9687	traffic collision
Q174277	Q3739104	natural causes	Q202837	cardiac arrest
Q3174840				
Q44039	Q10737|Q21142718	accidental death|suicide	Q506616	drowning
Q690846				
Q263665	Q3739104	natural causes	Q12078	cancer
Q68050	Q3739104	natural causes	Q181754	heart failure
Q111494585				
Q1352158				
Q1367583				
Q14928133				
Q1873422				
Q11905552				
Q37693	Q3739104	natural causes	Q41083	syphilis
Q8314692				
Q3300474				
Q3588448				
Q93268554				
Q692029				
Q30318412				
Q4752076				
Q326584				
Q3265447				
Q23710143				
Q1522132				
Q25291401				
Q167318				
Q531534				
Q52157276				
Q55672338				
Q1563526				
Q8330484				
Q4169028				
Q786388				
Q1450542				
Q3084078				
Q1287084	Q3739104	natural causes	Q83030|Q84263196	COVID-19|dementia
Q166585	Q3739104	natural causes	Q12204	tuberculosis
Q24237786				
Q17350096				
Q993153				
Q57604	Q3739104	natural causes	Q12192	pneumonia
Q3311339				
Q3426516				
Q2646	Q3739104	natural causes	Q223102	peritonitis
Q3130929				
Q462396				
Q774507				
Q61195				
Q66196627				
Q101001342				
Q526470	Q3739104	natural causes	Q181257	prostate cancer
Q104053433				
Q1347179				
Q2958451				
Q5941966				
Q986473				
Q2386204				
Q3592442				
Q439601	Q3739104	natural causes	Q12192	pneumonia
Q232873				
Q2035422				
Q3120152				
Q521152				
Q717539	Q21142718	accidental death	Q2967712	horse fall
Q9358	Q3739104	natural causes	Q7888578	neurosyphilis
Q365707				
Q2166559	Q3739104	natural causes	Q12078	cancer
Q286253				
Q3130868				
Q3508038				
Q57619			Q18478450	postoperative complications
Q70270				
Q60733238				
Q1065263				
Q233565	Q3739104	natural causes	Q11081	Alzheimer's disease
Q741862				
Q3119860				
Q3289534				
Q3068651				
Q16663875				
Q66022708				
Q6667132	Q3739104	natural causes	Q12152	myocardial infarction
Q318033	Q21142718	accidental death	Q9687	traffic collision
Q712729				
Q28355960				
Q97771594				
Q2835032				
Q105028035				
Q1353942				
Q3270833				
Q61900135				
Q3188975				
Q15714146				
Q563171				
Q3672137				
Q1934260	Q3739104	natural causes	Q3242950	kidney cancer
Q123921120				
Q17350570				
Q28097542				
Q3266496				
Q273491				
Q3557426				
Q108891	Q3739104	natural causes	Q47912	lung cancer
Q3060189				
Q4808393				
Q230512	Q3739104	natural causes	Q181754	heart failure
Q163118				
Q3185225				
Q50187	Q3739104	natural causes	Q1334541	pleural effusion
Q3378938				
Q1292127	Q3739104	natural causes	Q83030	dementia
Q546156				
Q822287				
Q321940	Q3739104	natural causes	Q12078	cancer
Q52151126				
Q2847088				
Q494779				
Q2139295				
Q123249				
Q3440033				
Q545751				
Q3539654				
Q41269				
Q47293				
Q112279				
Q3080695				
Q21196209				
Q1029112				
Q29054106				
Q2958297				
Q2621425	Q21142718	accidental death	Q9687	traffic collision
Q98107072				
Q57139	Q3739104	natural causes	Q12152	myocardial infarction
Q19692515				
Q3270765	Q3739104	natural causes	Q36956	leprosy
Q1276939				
Q2861807				
Q15406948				
Q186939				
Q1373133				
