ogid	fname	gname	year	occ	gqid	cy	ia_id	title	creator
cheruel-pierre-1809-01-17	Cheruel	Pierre	1809	writer	A6-195	FR	deladministratio00chuoft	De l'administration de Louis 14 (1661-1672) d'après les mémoires inédits d'Olivier d'Ormesson	Chéruel, Pierre Adolphe, 1809-1891
gozlan-leon-1803-09-10	Gozlan	Léon	1803	novelist	A6-380	FR	balzacchezluisou00gozl	Balzac chez lui : souvenirs des Jardies	Gozlan, Léon, 1803-1866
claretie-jules-1840-12-03	Claretie	Jules	1840	novelist	A6-201	FR	lacannedemmichel00clar	La canne de M. Michelet; promenades et souvenirs	Claretie, Jules, 1840-1913
feval-paul-1816-09-29	Feval	Paul	1816	novelist	A6-314	FR	madamegilblassou02fvuoft	Madame Gil Blas : souvenirs et aventures d'une femme de notre temps, redigés d'près ses notes et manuscrits	Féval, Paul, 1817-1887
sarcey-francisque-1827-10-08	Sarcey	Francisque	1827	writer	A6-725	FR	lesigedeparisi00sarcuoft	Le siège de Paris, impressions et souvenirs	Sarcey, Francisque, 1827-1899
sainte-beuve-charles-1804-12-23	Sainte-Beuve	Charles	1804	writer	A6-717	FR	mmoiresdemmedem03saingoog	Mémoires de mme. de Motteville sur Anne d'Autriche et sa cour	Sainte-Beuve, Charles Augustin, 1804-1869
lacordaire-jean-1802-05-12	Lacordaire	Jean	1802	writer	A6-449	FR	mmoiresdubaron00lees	Mémoires du baron Georges Cuvier	Lacordaire, Jean Théodore, 1801-1870
cheruel-pierre-1809-01-17	Cheruel	Pierre	1809	writer	A6-195	FR	mmoirescomplet01sainuoft	Mémoires complets et authentiques du duc de Saint-Simon, sur le siècle de Louis XIV et la Régence	Chéruel, Pierre Adolphe, 1809-1891
sue-eugene-1804-01-26	Sue	Eugène	1804	novelist	A6-757	FR	mathildemmoir04suee	Mathilde : mémoires d'une jeune femme	Sue, Eugène, 1804-1857
boissier-gaston-1823-08-15	Boissier	Gaston	1823	writer	A6-113	FR	mlangesboissie00boisuoft	Mélanges Boissier; recueil de mémoires concernant la littérature et les antiquités domaines dédié a Gaston Boissier à l'	Boissier, Gaston, 1823-1908
harcourt-robert-1881-11-23	Harcourt	Robert	1881	writer	A6-407	FR	souvenirsdecapti00harc	Souvenirs de captivite et d'evasions	Harcourt, Robert d', 1881-1965
souvestre-emile-1806-04-15	Souvestre	Emile	1806	novelist	A6-753	FR	souvenirsdunbas00souvgoog	Souvenirs d'un Bas-Breton ..	Souvestre, Émile, 1806-1854
curel-francois-1854-06-10	Curel	François	1854	writer	A6-222	FR	thtrecomplet01cureuoft	Théâtre complet. Textes remaniés par l'auteur avec l'historique de chaque pìece suivis des souvenirs de l'auteur	Curel, François de, 1854-1928
sue-eugene-1804-01-26	Sue	Eugène	1804	novelist	A6-757	FR	mathildemmoir00suee	Mathilde : mémoires d'une jeune femme	Sue, Eugène, 1804-1857
cheruel-pierre-1809-01-17	Cheruel	Pierre	1809	writer	A6-195	FR	ssmmoirescompl06sain	Mémoires complets et authentiques du duc de Saint-Simon, sur le siècle de Louis XIV et la Régence	Chéruel, Pierre Adolphe, 1809-1891
cheruel-pierre-1809-01-17	Cheruel	Pierre	1809	writer	A6-195	FR	ssmmoirescompl09sain	Mémoires complets et authentiques du duc de Saint-Simon, sur le siècle de Louis XIV et la Régence	Chéruel, Pierre Adolphe, 1809-1891
feval-paul-1816-09-29	Feval	Paul	1816	novelist	A6-314	FR	MariEmbaume01	Le mari embaumé, souvenirs d'un page de M. de Vendôme	Paul Henri Corentin Féval
curel-francois-1854-06-10	Curel	François	1854	writer	A6-222	FR	thtrecomplet06cureuoft	Théâtre complet. Textes remaniés par l'auteur avec l'historique de chaque pìece suivis des souvenirs de l'auteur	Curel, François de, 1854-1928
curel-francois-1854-06-10	Curel	François	1854	writer	A6-222	FR	thtrecomple04cure	Théâtre complet : textes remaniés par l'ateur avec l'historique de chaque pièce suivis des souvenirs de l'auteur	Curel, François de, 1854-1928
gozlan-leon-1803-09-10	Gozlan	Léon	1803	novelist	A6-380	FR	balzacchezluiso00gozlgoog	Balzac chez lui; souvenirs des Jardies	Gozlan, Léon, 1803-1866
souvestre-emile-1806-04-15	Souvestre	Emile	1806	novelist	A6-753	FR	souvenirsdunbas01souvgoog	Souvenirs d'un Bas-Breton ..	Souvestre, Émile, 1806-1854
souvestre-emile-1806-04-15	Souvestre	Emile	1806	novelist	A6-753	FR	souvenirsdunbasb02souv	Souvenirs d'un bas-breton	Souvestre, Emile, 1806-1854
hermant-abel-1862-02-03	Hermant	Abel	1862	novelist	A6-417	FR	souvenirsduvtede00hermuoft	Souvenirs du Vte de Courpière	Hermant, Abel, 1862-1950
souvestre-emile-1806-04-15	Souvestre	Emile	1806	novelist	A6-753	FR	souvenirsdunbasb01souv	Souvenirs d'un bas-breton	Souvestre, Emile, 1806-1854
souvestre-emile-1806-04-15	Souvestre	Emile	1806	novelist	A6-753	FR	souvenirsdunviei00souv	Souvenirs d'un vieillard : la dernière étape	Souvestre, Emile, 1806-1854
sue-eugene-1804-01-26	Sue	Eugène	1804	novelist	A6-757	FR	mathildemmoire01suee	Mathilde : mémoires d'une jeune femme	Sue, Eugène, 1804-1857
houssaye-arsene-1814-03-28	Houssaye	Arsène	1814	novelist	A6-422	FR	lesconfessionsso03housuoft	Les confessions; souvenirs d'un demisiècle, 1830-1880	Houssaye, Arsène, 1815-1896
claretie-jules-1840-12-03	Claretie	Jules	1840	novelist	A6-201	FR	lesconfession01rous	Les confessions	Claretie, Jules, 1840-1913
sue-eugene-1804-01-26	Sue	Eugène	1804	novelist	A6-757	FR	mathildemmoir01suee	Mathilde : mémoires d'une jeune femme	Sue, Eugène, 1804-1857
monselet-charles-1825-04-30	Monselet	Charles	1825	writer	A6-583	FR	messouvenirslitt00mons	Mes souvenirs littéraires	Monselet, Charles, 1825-1888
cheruel-pierre-1809-01-17	Cheruel	Pierre	1809	writer	A6-195	FR	ssmmoirescompl11sain	Mémoires complets et authentiques du duc de Saint-Simon, sur le siècle de Louis XIV et la Régence	Chéruel, Pierre Adolphe, 1809-1891
cheruel-pierre-1809-01-17	Cheruel	Pierre	1809	writer	A6-195	FR	ssmmoirescompl10sain	Mémoires complets et authentiques du duc de Saint-Simon, sur le siècle de Louis XIV et la Régence	Chéruel, Pierre Adolphe, 1809-1891
sarcey-francisque-1827-10-08	Sarcey	Francisque	1827	writer	A6-725	FR	lesigedeparisim03sarcgoog	Le siège de Paris. Impressions et souvenirs	Sarcey, Francisque, 1827-1899
cheruel-pierre-1809-01-17	Cheruel	Pierre	1809	writer	A6-195	FR	mmoiressurlavi01chuoft	Mémoires sur la vie publique et privée de Fouquet, surintendant de finances, d'après ses lettres et des pièces inédite, 	Chéruel, Pierre Adolphe, 1809-1891
bazin-rene-1853-12-26	Bazin	René	1853	novelist	A6-67	FR	mmoiresdunevi00bazi	Mémoires d'une vielle fille	Bazin, René, 1853-1932
houssaye-arsene-1814-03-28	Houssaye	Arsène	1814	novelist	A6-422	FR	lesconfessionsso02housuoft	Les confessions; souvenirs d'un demisiècle, 1830-1880	Houssaye, Arsène, 1815-1896
goncourt-edmond-1822-05-26	Goncourt	Edmond	1822	novelist	A6-375	FR	journaldesgonco09gonc	Journal des Goncourt : mémoires de la vie littéraire	Goncourt, Edmond de, 1822-1896
marmier-xavier-1808-06-22	Marmier	Xavier	1808	writer	A6-544	FR	untauborddelaba00marmgoog	Un été au bord de la Baltique et de la Mer du Nord : souvenirs de voyage	Marmier, Xavier, 1809-1892
marmier-xavier-1808-06-22	Marmier	Xavier	1808	writer	A6-544	FR	untauborddel00marmuoft	Un été au bord de la Baltique et de la Mer du Nord; souvenirs de voyage	Marmier, Xavier, 1809-1892
curel-francois-1854-06-10	Curel	François	1854	writer	A6-222	FR	thtrecomplet02cureuoft	Théâtre complet. Textes remaniés par l'auteur avec l'historique de chaque pìece suivis des souvenirs de l'auteur	Curel, François de, 1854-1928
veuillot-louis-1813-10-11	Veuillot	Louis	1813	writer	A6-796	FR	lesfrancaisenalg00veui	Les français en Algérie : souvenirs d'un voyage fait en 1841	Veuillot, Louis, 1813-1883, author
goncourt-edmond-1822-05-26	Goncourt	Edmond	1822	novelist	A6-375	FR	journaldesgoncou09goncuoft	Journal des Goncourt - Mémoires de la vie littéraire	Goncourt, Edmond de, 1822-1896
goncourt-edmond-1822-05-26	Goncourt	Edmond	1822	novelist	A6-375	FR	journaldesgonco03gonc	Journal des Goncourt : mémoires de la vie littéraire	Goncourt, Edmond de, 1822-1896
quinet-edgar-1803-02-17	Quinet	Edgar	1803	writer	A6-666	FR	histoiredemesid00quinuoft	Histoire de mes idées; autobiographie	Quinet, Edgar, 1803-1875
soulie-frederic-1800-12-23	Soulie	Frédéric	1800	writer	A6-751	FR	lesmmoiresdudi00soul	Les mémoires du diable	Soulié, Frédéric, 1800-1847
simon-jules-1814-12-27	Simon	Jules	1814	writer	A6-745	FR	nouveauxmmoire00simo	Nouveaux mémoires des autres	Simon, Jules, 1814-1896
sue-eugene-1804-01-26	Sue	Eugène	1804	novelist	A6-757	FR	mathildemmoir06suee	Mathilde : mémoires d'une jeune femme	Sue, Eugène, 1804-1857
sue-eugene-1804-01-26	Sue	Eugène	1804	novelist	A6-757	FR	martinlenfanttr00etatgoog	Martin l'enfant trouvé; ou, Les Memoires d'un valet de chambre	Sue, Eugène, 1804-1857
feval-paul-1816-09-29	Feval	Paul	1816	novelist	A6-314	FR	p2madamegilblass01fvuoft	Madame Gil Blas : souvenirs et aventures d'une femme de notre temps, redigés d'près ses notes et manuscrits	Féval, Paul, 1817-1887
daudet-ernest-1837-05-31	Daudet	Ernest	1837	writer	A6-231	FR	mmoiresdutempsde00duca	Mémoires du temps de Louis XIV [microform]	Daudet, Ernest, 1837-1921
maurois-andre-1885-07-26	Maurois	André	1885	novelist	A6-560	FR	memoires0000andr	Memoires	Andre Maurois
feval-paul-1816-09-29	Feval	Paul	1816	novelist	A6-314	FR	MariEmbaume02	Le Mari embaumé, souvenirs d'un page de M. de Vendôme	Paul Henri Corentin Féval
souvestre-emile-1806-04-15	Souvestre	Emile	1806	novelist	A6-753	FR	confessionsduno00souvuoft	Confessions d'un ouvrier;	Souvestre, Emile, 1806-1854
sainte-beuve-charles-1804-12-23	Sainte-Beuve	Charles	1804	writer	A6-717	FR	mmoiresdemmede03mott	Mémoires de mme. de Motteville sur Anne d'Autriche et sa cour	Sainte-Beuve, Charles Augustin, 1804-1869
sarcey-francisque-1827-10-08	Sarcey	Francisque	1827	writer	A6-725	FR	souvenirsdejeune00sarc	Souvenirs de jeunesse	Sarcey, Francisque, 1827-1899
gebhart-emile-1839-07-19	Gebhart	Emile	1839	writer	A6-357	FR	souvenirsdunviei00gebh	Souvenirs d'un vieil Athénien	Gebhart, Émile, 1839-1908
schure-edouard-1841-01-21	Schure	Edouard	1841	writer	A6-732	FR	souvenirssurric00schugoog	Souvenirs sur Richard Wagner : la première de Tristan et Iseult	Schuré, Edouard, 1841-1929
daudet-ernest-1837-05-31	Daudet	Ernest	1837	writer	A6-231	FR	souvenirsdemonte01daud	Souvenirs de mon temps	Daudet, Ernest, 1837-1921
sue-eugene-1804-01-26	Sue	Eugène	1804	novelist	A6-757	FR	martinlenfanttro05sueeuoft	Martin l'enfant trouvé : ou, Les mémoires d'un valet de chambre	Sue, Eugène, 1804-1857
souvestre-emile-1806-04-15	Souvestre	Emile	1806	novelist	A6-753	FR	confessionsduno01souvgoog	Confessions d'un ouvrier	Souvestre, Émile, 1806-1854
claretie-jules-1840-12-03	Claretie	Jules	1840	novelist	A6-201	FR	mmoiresdemadam01rola	Mémoires de madame Roland \	Claretie, Jules, 1840-1913
sue-eugene-1804-01-26	Sue	Eugène	1804	novelist	A6-757	FR	mathildemmoiresd33454gut	Mathilde mémoires d'une jeune femme	Sue, Eugène, 1804-1857
cheruel-pierre-1809-01-17	Cheruel	Pierre	1809	writer	A6-195	FR	journaldolivierl02orme	Journal d'Olivier Lefèvre d'Ormesson, et extraits des mémoires d'André Lefèvre d'Ormesson. Publiés par M. Cheruel	Cheruel, Pierre Adolphe, 1809-1891
goncourt-edmond-1822-05-26	Goncourt	Edmond	1822	novelist	A6-375	FR	journaldesgoncou02goncuoft	Journal des Goncourt - Mémoires de la vie littéraire	Goncourt, Edmond de, 1822-1896
soulie-frederic-1800-12-23	Soulie	Frédéric	1800	writer	A6-751	FR	lesmmoiresdudi01souluoft	Les mémoires du diable	Soulié, Frédéric, 1800-1847
goncourt-edmond-1822-05-26	Goncourt	Edmond	1822	novelist	A6-375	FR	journaldesgonco04gonc	Journal des Goncourt : mémoires de la vie littéraire	Goncourt, Edmond de, 1822-1896
cheruel-pierre-1809-01-17	Cheruel	Pierre	1809	writer	A6-195	FR	ssmmoirescompl04sain	Mémoires complets et authentiques du duc de Saint-Simon, sur le siècle de Louis XIV et la Régence	Chéruel, Pierre Adolphe, 1809-1891
houssaye-arsene-1814-03-28	Houssaye	Arsène	1814	novelist	A6-422	FR	souvenirsdejeune00hous_0	Souvenirs de jeunesse, 1850-1870	Houssaye, Arsène, 1815-1896
souvestre-emile-1806-04-15	Souvestre	Emile	1806	novelist	A6-753	FR	confessionsdun00souv	Confessions d'un ouvrier	Souvestre, Emile, 1806-1854
sue-eugene-1804-01-26	Sue	Eugène	1804	novelist	A6-757	FR	martinlenfanttro07sueeuoft	Martin l'enfant trouvé : ou, Les mémoires d'un valet de chambre	Sue, Eugène, 1804-1857
bernard-tristan-1866-09-07	Bernard	Tristan	1866	writer	A6-94	FR	mmoiresdunjeuneh0000tris	Mémoires d'un jeune homme rangé : roman	Bernard, Tristan, 1866-1947
soulie-frederic-1800-12-23	Soulie	Frédéric	1800	writer	A6-751	FR	huitjoursaucht00souluoft	Huit jours au château : extrait des mémoires d'un jeune homme	Soulié, Frédéric, 1800-1847
davignon-henri-1879-08-23	Davignon	Henri	1879	novelist	A6-1065	BE	delaprincessedec0000davi	De la Princesse de Clèves à Thérèse Desqueyroux ; essais et souvenirs	Davignon, Henri, vicomte, 1879-
souvestre-emile-1806-04-15	Souvestre	Emile	1806	novelist	A6-753	FR	confessionsdunou00souvuoft	Confessions d'un ouvrier	Souvestre, Emile, 1806-1854
paris-gaston-1839-08-09	Paris	Gaston	1839	writer	A6-613	FR	recueildemmoir00pariuoft	Recueil de mémoires philologiques présenté à Gaston Paris	Paris, Gaston Bruno Paulin, 1839-1903
feval-paul-1816-09-29	Feval	Paul	1816	novelist	A6-314	FR	mariembaume01_202005	Le mari embaumé, souvenirs d'un page de M. de Vendôme	Paul Henri Corentin Féval
sarcey-francisque-1827-10-08	Sarcey	Francisque	1827	writer	A6-725	FR	siegedeparisi00sarc	Le siége de Paris : impressions et souvenirs	Sarcey, Francisque, 1827-1899
bazin-rene-1853-12-26	Bazin	René	1853	novelist	A6-67	FR	ahr8979.0001.001.umich.edu	Mémoires d'une vieille fille	Bazin, René, 1853-1932
claretie-jules-1840-12-03	Claretie	Jules	1840	novelist	A6-201	FR	mmoiresdemadam02rola	Mémoires de madame Roland \	Claretie, Jules, 1840-1913
curel-francois-1854-06-10	Curel	François	1854	writer	A6-222	FR	thtrecomplet03cureuoft	Théâtre complet. Textes remaniés par l'auteur avec l'historique de chaque pìece suivis des souvenirs de l'auteur	Curel, François de, 1854-1928
veuillot-louis-1813-10-11	Veuillot	Louis	1813	writer	A6-796	FR	lesfranaisena00veui	Les Français en Algérie; souvenirs d'un voyage fait en 1841	Veuillot, Louis, 1813-1883
sainte-beuve-charles-1804-12-23	Sainte-Beuve	Charles	1804	writer	A6-717	FR	mmoiresdefl00fl	Mémoires de Fléchier sur les grands-jours d'Auvergne en 1665	Sainte-Beuve, Charles Augustin, 1804-1869
goncourt-edmond-1822-05-26	Goncourt	Edmond	1822	novelist	A6-375	FR	journaldesgonco05gonc	Journal des Goncourt : mémoires de la vie littéraire	Goncourt, Edmond de, 1822-1896
gozlan-leon-1803-09-10	Gozlan	Léon	1803	novelist	A6-380	FR	balzacchezluis00gozl	Balzac chez lui : souvenirs des Jardies	Gozlan, Léon, 1803-1866
guillaumin-emile-1873-11-10	Guillaumin	Emile	1873	novelist	A6-394	FR	laviedunsimpleme00guil	La vie d'un simple (memoires d'un métayer);	Guillaumin, Emile, 1873-1951
cheruel-pierre-1809-01-17	Cheruel	Pierre	1809	writer	A6-195	FR	ssmmoirescompl08sain	Mémoires complets et authentiques du duc de Saint-Simon, sur le siècle de Louis XIV et la Régence	Chéruel, Pierre Adolphe, 1809-1891
about-edmond-1828-02-14	About	Edmond	1828	novelist	A6-2	FR	lefellahsouvenir00abou	Le fellah; souvenirs d'Egypte	About, Edmond, 1828-1885
mockel-albert-1866-12-27	Mockel	Albert	1866	writer	A6-1159	BE	augustedonnaysou00mock	Auguste Donnay : souvenirs et réflexions	Mockel, Albert, 1866-1945
goncourt-edmond-1822-05-26	Goncourt	Edmond	1822	novelist	A6-375	FR	sophiearnoulddap00gonc	Sophie Arnould, d'après sa correspondance et ses mémoires inédits [par] Edmond et Jules de Goncourt	Goncourt, Edmond de, 1822-1896
goncourt-edmond-1822-05-26	Goncourt	Edmond	1822	novelist	A6-375	FR	sophiearnouldda00gonc	Sophie Arnould d'après sa correspondance et ses mémoires inédits	Goncourt, Edmond de, 1822-1896
goncourt-edmond-1822-05-26	Goncourt	Edmond	1822	novelist	A6-375	FR	sophiearnoulddap00gonc_1	Sophie Arnould d'apres sa correspondance et ses memoires inedits	Goncourt, Edmond de, 1822-1896
sue-eugene-1804-01-26	Sue	Eugène	1804	novelist	A6-757	FR	martinlenfanttro00suee	Martin l'enfant trouvé, ou, Les mémoires d'un valet de chambre	Sue, Eugène, 1804-1857
sue-eugene-1804-01-26	Sue	Eugène	1804	novelist	A6-757	FR	martinlenfanttro01sueeuoft	Martin l'enfant trouvé : ou, Les mémoires d'un valet de chambre	Sue, Eugène, 1804-1857
sue-eugene-1804-01-26	Sue	Eugène	1804	novelist	A6-757	FR	martinlenfanttro03sueeuoft	Martin l'enfant trouvé : ou, Les mémoires d'un valet de chambre	Sue, Eugène, 1804-1857
cheruel-pierre-1809-01-17	Cheruel	Pierre	1809	writer	A6-195	FR	ssmmoirescompl05sain	Mémoires complets et authentiques du duc de Saint-Simon, sur le siècle de Louis XIV et la Régence	Chéruel, Pierre Adolphe, 1809-1891
houssaye-arsene-1814-03-28	Houssaye	Arsène	1814	novelist	A6-422	FR	lesconfessionss11housgoog	... Les confessions : souvenirs d'un demi-siècle, 1830-1880 [1890] ..	Houssaye, Arsène, 1815-1896
houssaye-arsene-1814-03-28	Houssaye	Arsène	1814	novelist	A6-422	FR	lesconfessionsso04housuoft	Les confessions; souvenirs d'un demisiècle, 1830-1880	Houssaye, Arsène, 1815-1896
veuillot-louis-1813-10-11	Veuillot	Louis	1813	writer	A6-796	FR	agnsdelauvenso00lauv	Agnès de Lauvens ; ou, Mémoires de soeur Saint-Louis : contenant divers souvenirs de son éducation et de sa vie dans le 	Veuillot, Louis François, 1813-1883
janin-jules-1804-02-16	Janin	Jules	1804	writer	A6-434	FR	petitssouvenirsa00janiuoft	Petits souvenirs. Avec une eau-forte par Ad. Lalauze	Janin, Jules Gabriel, 1804-1874
claretie-jules-1840-12-03	Claretie	Jules	1840	novelist	A6-201	FR	lesconfession02rous	Les confessions	Claretie, Jules, 1840-1913
