Q30	0	ok	500
Q30	500	ok	500
Q30	1000	ok	500
Q30	1500	ok	500
Q30	2000	ok	500
Q30	2500	ok	500
Q30	3000	err	HTTP Error 502: Bad Gateway
Q30	3500	err	HTTP Error 502: Bad Gateway
Q16	0	ok	500
Q16	500	ok	357
Q408	0	ok	415
Q17	0	ok	500
Q17	500	ok	500
Q17	1000	ok	339
Q145	0	ok	500
Q145	500	ok	500
Q145	1000	err	HTTP Error 502: Bad Gateway
Q39631	Q30	0	ok	500
Q39631	Q30	500	ok	500
Q39631	Q30	1000	ok	500
Q39631	Q30	1500	ok	500
Q39631	Q30	2000	ok	500
Q39631	Q30	2500	ok	500
Q39631	Q30	3000	ok	500
Q39631	Q30	3500	err	HTTP Error 504: Gateway Timeout
Q39631	Q16	0	ok	500
Q39631	Q16	500	ok	357
Q39631	Q408	0	ok	415
Q39631	Q17	0	ok	500
Q39631	Q17	500	ok	500
Q39631	Q17	1000	ok	339
Q39631	Q145	0	ok	500
Q39631	Q145	500	err	Expecting ',' delimiter: line 2499 column 4 (char 65529)
Q39631	Q145	1000	err	HTTP Error 502: Bad Gateway
Q37226	Q30	0	ok	500
Q37226	Q30	500	ok	500
Q37226	Q30	1000	ok	500
Q37226	Q30	1500	ok	500
Q37226	Q30	2000	err	HTTP Error 429: Too Many Requests
Q37226	Q30	2500	err	HTTP Error 502: Bad Gateway
Q37226	Q30	3000	ok	500
Q37226	Q30	3500	err	HTTP Error 502: Bad Gateway
Q37226	Q16	0	ok	500
Q37226	Q16	500	ok	500
Q37226	Q16	1000	ok	500
Q37226	Q16	1500	ok	62
Q37226	Q408	0	ok	419
Q37226	Q17	0	ok	500
Q37226	Q17	500	ok	500
Q37226	Q17	1000	ok	500
Q37226	Q17	1500	ok	500
Q37226	Q17	2000	ok	500
Q37226	Q17	2500	ok	500
Q37226	Q17	3000	ok	330
Q37226	Q145	0	ok	500
Q37226	Q145	500	ok	500
Q37226	Q145	1000	ok	109
