# NY.GDP.PCAP.KD.ZG, World Bank API, снято 2026-07-26; только страны, сматченные с GWF
Afghanistan	2001	-10.1195
Afghanistan	2002	22.0202
Afghanistan	2003	2.3457
Afghanistan	2004	-2.1482
Afghanistan	2005	7.3834
Afghanistan	2006	1.1325
Afghanistan	2007	11.6923
Afghanistan	2008	1.6773
Afghanistan	2009	17.0439
Afghanistan	2010	11.0550
Algeria	1961	-15.1207
Algeria	1962	-20.8549
Algeria	1963	32.2809
Algeria	1964	4.1215
Algeria	1965	4.6080
Algeria	1966	-6.4994
Algeria	1967	7.0214
Algeria	1968	8.3024
Algeria	1969	5.9924
Algeria	1970	6.4320
Algeria	1971	-13.3141
Algeria	1972	24.5258
Algeria	1973	1.3950
Algeria	1974	4.9211
Algeria	1975	1.3933
Algeria	1976	3.5611
Algeria	1977	1.5049
Algeria	1978	6.1519
Algeria	1979	4.3215
Algeria	1980	-2.2998
Algeria	1981	-0.2878
Algeria	1982	2.9110
Algeria	1983	1.8841
Algeria	1984	2.0562
Algeria	1985	0.2294
Algeria	1986	-2.8530
Algeria	1987	-3.6570
Algeria	1988	-3.7344
Algeria	1989	1.6800
Algeria	1990	-1.6681
Algeria	1991	-3.5271
Algeria	1992	-0.6491
Algeria	1993	-4.4275
Algeria	1994	-3.0685
Algeria	1995	1.6747
Algeria	1996	2.0818
Algeria	1997	-0.7671
Algeria	1998	3.4395
Algeria	1999	1.7769
Algeria	2000	2.3573
Algeria	2001	1.5952
Algeria	2002	4.0071
Algeria	2003	5.0933
Algeria	2004	3.0509
Algeria	2005	3.8689
Algeria	2006	1.3262
Algeria	2007	1.3935
Algeria	2008	0.6525
Algeria	2009	-0.7204
Algeria	2010	2.7792
Angola	1981	-7.8195
Angola	1982	-3.6112
Angola	1983	0.3989
Angola	1984	2.1435
Angola	1985	-0.2382
Angola	1986	-0.7568
Angola	1987	0.5293
Angola	1988	2.5777
Angola	1989	-3.3167
Angola	1990	-6.6705
Angola	1991	-2.3447
Angola	1992	-8.8713
Angola	1993	-26.3742
Angola	1994	-1.8931
Angola	1995	11.2224
Angola	1996	9.7689
Angola	1997	3.6929
Angola	1998	1.2453
Angola	1999	-1.1308
Angola	2000	-0.3029
Angola	2001	0.7692
Angola	2002	9.8578
Angola	2003	-0.0654
Angola	2004	7.4860
Angola	2005	10.0674
Angola	2006	7.7956
Angola	2007	8.8516
Angola	2008	6.6789
Angola	2009	-1.8091
Angola	2010	1.3158
Argentina	1961	3.6972
Argentina	1962	-2.4812
Argentina	1963	-6.8516
Argentina	1964	8.3711
Argentina	1965	8.8535
Argentina	1966	-2.1695
Argentina	1967	1.6297
Argentina	1968	3.2309
Argentina	1969	8.0087
Argentina	1970	1.4506
Argentina	1971	4.0078
Argentina	1972	0.0320
Argentina	1973	1.1629
Argentina	1974	3.8123
Argentina	1975	-1.6232
Argentina	1976	-3.5400
Argentina	1977	5.2541
Argentina	1978	-6.0208
Argentina	1979	8.4767
Argentina	1980	-0.0856
Argentina	1981	-6.6966
Argentina	1982	-2.3154
Argentina	1983	2.6908
Argentina	1984	-0.0338
Argentina	1985	-6.6684
Argentina	1986	4.5151
Argentina	1987	1.1301
Argentina	1988	-2.6111
Argentina	1989	-8.5679
Argentina	1990	-3.9112
Argentina	1991	7.5751
Argentina	1992	6.4533
Argentina	1993	6.7521
Argentina	1994	4.4273
Argentina	1995	-4.1099
Argentina	1996	4.2081
Argentina	1997	6.8058
Argentina	1998	2.6365
Argentina	1999	-4.4931
Argentina	2000	-1.9068
Argentina	2001	-5.4526
Argentina	2002	-11.8423
Argentina	2003	7.7184
Argentina	2004	7.9295
Argentina	2005	7.7390
Argentina	2006	6.9419
Argentina	2007	7.9326
Argentina	2008	3.0086
Argentina	2009	-6.9103
Argentina	2010	8.9682
Armenia	1991	-13.2111
Armenia	1992	-41.1138
Armenia	1993	-5.6697
Armenia	1994	8.1793
Armenia	1995	8.7432
Armenia	1996	6.7968
Armenia	1997	4.3538
Armenia	1998	8.5671
Armenia	1999	4.6410
Armenia	2000	4.1308
Armenia	2001	9.9174
Armenia	2002	13.6245
Armenia	2003	14.6197
Armenia	2004	11.1145
Armenia	2005	14.5697
Armenia	2006	13.8987
Armenia	2007	14.4208
Armenia	2008	7.6029
Armenia	2009	-13.5088
Armenia	2010	2.9116
Azerbaijan	1991	-2.0124
Azerbaijan	1992	-23.7612
Azerbaijan	1993	-24.2569
Azerbaijan	1994	-20.7756
Azerbaijan	1995	-12.8134
Azerbaijan	1996	0.2802
Azerbaijan	1997	4.7843
Azerbaijan	1998	8.9609
Azerbaijan	1999	6.4616
Azerbaijan	2000	10.1910
Azerbaijan	2001	9.0518
Azerbaijan	2002	8.6254
Azerbaijan	2003	9.3765
Azerbaijan	2004	8.3015
Azerbaijan	2005	26.6601
Azerbaijan	2006	32.9971
Azerbaijan	2007	24.0487
Azerbaijan	2008	8.2934
Azerbaijan	2009	7.1222
Azerbaijan	2010	3.5495
Bangladesh	1961	3.1104
Bangladesh	1962	2.4348
Bangladesh	1963	-3.3156
Bangladesh	1964	7.7603
Bangladesh	1965	-1.3182
Bangladesh	1966	-0.3725
Bangladesh	1967	-4.7204
Bangladesh	1968	6.3134
Bangladesh	1969	-1.6158
Bangladesh	1970	2.9208
Bangladesh	1971	-7.1175
Bangladesh	1972	-15.6125
Bangladesh	1973	0.4094
Bangladesh	1974	6.5327
Bangladesh	1975	-6.5706
Bangladesh	1976	3.0138
Bangladesh	1977	0.1498
Bangladesh	1978	4.4925
Bangladesh	1979	2.3072
Bangladesh	1980	-1.5650
Bangladesh	1981	4.5185
Bangladesh	1982	-0.6293
Bangladesh	1983	1.1344
Bangladesh	1984	2.1463
Bangladesh	1985	0.8280
Bangladesh	1986	1.7559
Bangladesh	1987	1.4750
Bangladesh	1988	0.2606
Bangladesh	1989	0.7525
Bangladesh	1990	3.5408
Bangladesh	1991	1.5268
Bangladesh	1992	3.4738
Bangladesh	1993	2.7791
Bangladesh	1994	1.9816
Bangladesh	1995	3.1859
Bangladesh	1996	2.6295
Bangladesh	1997	2.5710
Bangladesh	1998	3.2100
Bangladesh	1999	2.7007
Bangladesh	2000	3.3867
Bangladesh	2001	3.3403
Bangladesh	2002	2.2429
Bangladesh	2003	3.2263
Bangladesh	2004	3.8164
Bangladesh	2005	5.2013
Bangladesh	2006	5.4404
Bangladesh	2007	5.9132
Bangladesh	2008	4.9606
Bangladesh	2009	4.0708
Bangladesh	2010	4.6505
Belarus	1991	-1.2456
Belarus	1992	-9.7984
Belarus	1993	-7.8038
Belarus	1994	-11.5956
Belarus	1995	-10.1089
Belarus	1996	3.1467
Belarus	1997	11.8640
Belarus	1998	8.8894
Belarus	1999	3.8664
Belarus	2000	6.2996
Belarus	2001	5.2639
Belarus	2002	5.7161
Belarus	2003	7.7949
Belarus	2004	12.2126
Belarus	2005	10.1498
Belarus	2006	10.6756
Belarus	2007	9.0995
Belarus	2008	10.5813
Belarus	2009	0.4467
Belarus	2010	7.9857
Benin	1961	1.4511
Benin	1962	-5.1111
Benin	1963	2.8253
Benin	1964	4.6355
Benin	1965	3.2348
Benin	1966	1.5009
Benin	1967	-0.9861
Benin	1968	1.6744
Benin	1969	0.6827
Benin	1970	-0.1285
Benin	1971	-3.6873
Benin	1972	4.0117
Benin	1973	1.3073
Benin	1974	0.9073
Benin	1975	-7.1802
Benin	1976	-1.5945
Benin	1977	2.3467
Benin	1978	-1.3347
Benin	1979	3.7396
Benin	1980	3.8785
Benin	1981	6.8760
Benin	1982	-0.6744
Benin	1983	-7.0835
Benin	1984	4.8208
Benin	1985	4.3998
Benin	1986	-0.8316
Benin	1987	-4.4246
Benin	1988	0.3065
Benin	1989	-5.7812
Benin	1990	5.6784
Benin	1991	1.0599
Benin	1992	-0.1746
Benin	1993	1.2431
Benin	1994	-1.7247
Benin	1995	3.8267
Benin	1996	1.6299
Benin	1997	2.6589
Benin	1998	0.8048
Benin	1999	2.1324
Benin	2000	2.6504
Benin	2001	2.1645
Benin	2002	1.5096
Benin	2003	0.3370
Benin	2004	1.2808
Benin	2005	-1.5104
Benin	2006	0.7501
Benin	2007	2.9002
Benin	2008	1.7765
Benin	2009	-0.7037
Benin	2010	-0.8882
Bolivia	1961	0.0250
Bolivia	1962	3.4232
Bolivia	1963	4.5900
Bolivia	1964	1.7838
Bolivia	1965	2.6976
Bolivia	1966	4.8801
Bolivia	1967	4.0133
Bolivia	1968	6.1464
Bolivia	1969	2.1629
Bolivia	1970	2.8977
Bolivia	1971	2.7283
Bolivia	1972	5.5694
Bolivia	1973	3.3871
Bolivia	1974	0.6384
Bolivia	1975	4.9076
Bolivia	1976	2.2471
Bolivia	1977	2.5774
Bolivia	1978	-0.2642
Bolivia	1979	-2.1202
Bolivia	1980	-3.5648
Bolivia	1981	-1.9248
Bolivia	1982	-6.0135
Bolivia	1983	-6.0860
Bolivia	1984	-2.3106
Bolivia	1985	-3.7347
Bolivia	1986	-4.6004
Bolivia	1987	0.3248
Bolivia	1988	0.7514
Bolivia	1989	1.6159
Bolivia	1990	2.4583
Bolivia	1991	3.0955
Bolivia	1992	-0.4061
Bolivia	1993	2.2214
Bolivia	1994	2.6609
Bolivia	1995	2.7195
Bolivia	1996	2.4481
Bolivia	1997	3.0761
Bolivia	1998	3.1912
Bolivia	1999	-1.3112
Bolivia	2000	0.7626
Bolivia	2001	-0.0171
Bolivia	2002	0.7858
Bolivia	2003	1.0052
Bolivia	2004	2.4350
Bolivia	2005	2.6760
Bolivia	2006	3.0257
Bolivia	2007	2.7910
Bolivia	2008	4.3716
Bolivia	2009	1.6501
Bolivia	2010	2.4285
Botswana	1961	3.9710
Botswana	1962	4.2489
Botswana	1963	3.4730
Botswana	1964	4.3231
Botswana	1965	4.2676
Botswana	1966	5.7548
Botswana	1967	5.3653
Botswana	1968	9.9928
Botswana	1969	14.5155
Botswana	1970	16.4719
Botswana	1971	23.6950
Botswana	1972	21.9105
Botswana	1973	15.7251
Botswana	1974	3.5535
Botswana	1975	3.1876
Botswana	1976	5.0855
Botswana	1977	6.2591
Botswana	1978	7.6464
Botswana	1979	5.6189
Botswana	1980	7.7172
Botswana	1981	5.4094
Botswana	1982	7.8009
Botswana	1983	9.1592
Botswana	1984	4.7869
Botswana	1985	3.4698
Botswana	1986	4.5656
Botswana	1987	8.2883
Botswana	1988	15.9395
Botswana	1989	9.9622
Botswana	1990	3.8762
Botswana	1991	4.5707
Botswana	1992	0.0625
Botswana	1993	-0.9604
Botswana	1994	0.7954
Botswana	1995	4.2588
Botswana	1996	3.2750
Botswana	1997	5.8600
Botswana	1998	-1.7571
Botswana	1999	7.3231
Botswana	2000	-0.1638
Botswana	2001	-1.7911
Botswana	2002	4.0932
Botswana	2003	2.8010
Botswana	2004	0.9207
Botswana	2005	2.6966
Botswana	2006	6.3614
Botswana	2007	3.7619
Botswana	2008	1.1992
Botswana	2009	-15.8997
Botswana	2010	7.8211
Brazil	1961	5.3723
Brazil	1962	3.4659
Brazil	1963	-2.3214
Brazil	1964	0.4506
Brazil	1965	-0.4453
Brazil	1966	3.8240
Brazil	1967	1.4824
Brazil	1968	7.0228
Brazil	1969	6.7879
Brazil	1970	7.7031
Brazil	1971	8.6503
Brazil	1972	9.2493
Brazil	1973	11.2426
Brazil	1974	5.5927
Brazil	1975	2.6944
Brazil	1976	7.6623
Brazil	1977	2.4597
Brazil	1978	2.4949
Brazil	1979	4.2526
Brazil	1980	6.6534
Brazil	1981	-6.4539
Brazil	1982	-1.4421
Brazil	1983	-5.0742
Brazil	1984	3.1207
Brazil	1985	5.5765
Brazil	1986	5.2982
Brazil	1987	1.4987
Brazil	1988	-1.9510
Brazil	1989	1.2753
Brazil	1990	-6.0433
Brazil	1991	-0.6865
Brazil	1992	-2.1885
Brazil	1993	3.2387
Brazil	1994	4.2109
Brazil	1995	2.6321
Brazil	1996	0.6730
Brazil	1997	1.8692
Brazil	1998	-1.1436
Brazil	1999	-0.9848
Brazil	2000	2.9622
Brazil	2001	0.0770
Brazil	2002	1.7820
Brazil	2003	-0.0458
Brazil	2004	4.5717
Brazil	2005	2.0773
Brazil	2006	2.8675
Brazil	2007	5.0015
Brazil	2008	4.0922
Brazil	2009	-1.0163
Brazil	2010	6.6278
Burkina Faso	1961	2.5502
Burkina Faso	1962	4.5875
Burkina Faso	1963	-2.7301
Burkina Faso	1964	0.7214
Burkina Faso	1965	2.1173
Burkina Faso	1966	-1.0958
Burkina Faso	1967	7.0169
Burkina Faso	1968	1.3152
Burkina Faso	1969	0.2767
Burkina Faso	1970	-1.6162
Burkina Faso	1971	-0.3224
Burkina Faso	1972	0.5632
Burkina Faso	1973	-1.3295
Burkina Faso	1974	6.2559
Burkina Faso	1975	0.9432
Burkina Faso	1976	6.2354
Burkina Faso	1977	-1.9419
Burkina Faso	1978	2.0327
Burkina Faso	1979	1.0144
Burkina Faso	1980	-1.8725
Burkina Faso	1981	1.4465
Burkina Faso	1982	6.5780
Burkina Faso	1983	-2.4571
Burkina Faso	1984	-4.5732
Burkina Faso	1985	5.4289
Burkina Faso	1986	4.9522
Burkina Faso	1987	-2.9290
Burkina Faso	1988	2.9907
Burkina Faso	1989	-0.5261
Burkina Faso	1990	-3.1877
Burkina Faso	1991	6.3385
Burkina Faso	1992	-2.2097
Burkina Faso	1993	0.9205
Burkina Faso	1994	-1.2078
Burkina Faso	1995	3.0403
Burkina Faso	1996	8.2100
Burkina Faso	1997	3.6110
Burkina Faso	1998	4.3823
Burkina Faso	1999	4.2938
Burkina Faso	2000	-1.1071
Burkina Faso	2001	3.4098
Burkina Faso	2002	1.1774
Burkina Faso	2003	4.4929
Burkina Faso	2004	1.2436
Burkina Faso	2005	5.2957
Burkina Faso	2006	2.9889
Burkina Faso	2007	1.0013
Burkina Faso	2008	2.7366
Burkina Faso	2009	-0.0002
Burkina Faso	2010	5.3193
Burundi	1961	-15.9020
Burundi	1962	6.3319
Burundi	1963	1.9650
Burundi	1964	3.2887
Burundi	1965	1.1303
Burundi	1966	2.1230
Burundi	1967	10.9686
Burundi	1968	-2.6485
Burundi	1969	-3.5761
Burundi	1970	18.7193
Burundi	1971	0.2797
Burundi	1972	-6.3998
Burundi	1973	7.0411
Burundi	1974	-3.1821
Burundi	1975	-1.7693
Burundi	1976	5.5513
Burundi	1977	8.6445
Burundi	1978	-3.7613
Burundi	1979	-0.8308
Burundi	1980	-3.1598
Burundi	1981	7.6849
Burundi	1982	-3.4922
Burundi	1983	0.9731
Burundi	1984	-2.2421
Burundi	1985	9.3944
Burundi	1986	1.3304
Burundi	1987	3.1233
Burundi	1988	2.7301
Burundi	1989	-0.6209
Burundi	1990	1.3630
Burundi	1991	2.8467
Burundi	1992	-1.6547
Burundi	1993	-3.2412
Burundi	1994	-4.4529
Burundi	1995	-13.2700
Burundi	1996	-8.0635
Burundi	1997	-1.5825
Burundi	1998	2.7680
Burundi	1999	-3.3538
Burundi	2000	-2.8954
Burundi	2001	-0.4696
Burundi	2002	1.5420
Burundi	2003	-4.2954
Burundi	2004	0.9977
Burundi	2005	-2.7789
Burundi	2006	1.6847
Burundi	2007	-0.3112
Burundi	2008	0.6688
Burundi	2009	-1.3400
Burundi	2010	0.2877
Cambodia	1976	7.2760
Cambodia	1977	-7.6555
Cambodia	1978	8.7669
Cambodia	1979	-10.7242
Cambodia	1980	-7.6832
Cambodia	1981	-1.5609
Cambodia	1982	-2.7948
Cambodia	1983	0.7318
Cambodia	1984	1.1816
Cambodia	1985	1.2296
Cambodia	1986	-0.1940
Cambodia	1987	16.4857
Cambodia	1988	7.8009
Cambodia	1989	-0.3456
Cambodia	1990	-2.9704
Cambodia	1991	3.2229
Cambodia	1992	1.3952
Cambodia	1993	-1.9822
Cambodia	1994	-39.2030
Cambodia	1995	1.3541
Cambodia	1996	-1.7769
Cambodia	1997	-2.9120
Cambodia	1998	0.4521
Cambodia	1999	10.7982
Cambodia	2000	8.2583
Cambodia	2001	5.7257
Cambodia	2002	4.6386
Cambodia	2003	8.6297
Cambodia	2004	7.8564
Cambodia	2005	11.6638
Cambodia	2006	9.3179
Cambodia	2007	8.7814
Cambodia	2008	5.8573
Cambodia	2009	2.4467
Cambodia	2010	3.4544
Cameroon	1961	-0.3655
Cameroon	1962	1.1240
Cameroon	1963	1.4991
Cameroon	1964	1.2893
Cameroon	1965	-0.2351
Cameroon	1966	2.2384
Cameroon	1967	-12.9990
Cameroon	1968	3.7676
Cameroon	1969	2.2704
Cameroon	1970	0.4335
Cameroon	1971	0.7521
Cameroon	1972	-0.0784
Cameroon	1973	2.4979
Cameroon	1974	7.7029
Cameroon	1975	8.1841
Cameroon	1976	-7.9932
Cameroon	1977	10.8435
Cameroon	1978	18.7227
Cameroon	1979	3.1046
Cameroon	1980	-5.1046
Cameroon	1981	13.0434
Cameroon	1982	4.9881
Cameroon	1983	4.7015
Cameroon	1984	4.5290
Cameroon	1985	4.8899
Cameroon	1986	3.6025
Cameroon	1987	-5.0755
Cameroon	1988	-10.5343
Cameroon	1989	-4.6547
Cameroon	1990	-8.8324
Cameroon	1991	-6.5735
Cameroon	1992	-5.8374
Cameroon	1993	-10.5166
Cameroon	1994	-0.9439
Cameroon	1995	0.1077
Cameroon	1996	1.4475
Cameroon	1997	1.7921
Cameroon	1998	1.9888
Cameroon	1999	1.7751
Cameroon	2000	1.1344
Cameroon	2001	1.6199
Cameroon	2002	1.7130
Cameroon	2003	2.6158
Cameroon	2004	4.1478
Cameroon	2005	-0.5504
Cameroon	2006	0.9952
Cameroon	2007	1.4406
Cameroon	2008	-0.0547
Cameroon	2009	-0.3183
Cameroon	2010	0.0001
Central African Republic	1961	3.0032
Central African Republic	1962	-5.5400
Central African Republic	1963	-2.6316
Central African Republic	1964	0.0538
Central African Republic	1965	-1.1098
Central African Republic	1966	-1.4660
Central African Republic	1967	2.4147
Central African Republic	1968	-0.8543
Central African Republic	1969	4.6686
Central African Republic	1970	0.0891
Central African Republic	1971	-0.9451
Central African Republic	1972	-1.9387
Central African Republic	1973	-0.0444
Central African Republic	1974	4.3086
Central African Republic	1975	-1.5293
Central African Republic	1976	3.8770
Central African Republic	1977	2.7404
Central African Republic	1978	0.1528
Central African Republic	1979	-3.5047
Central African Republic	1980	-5.5210
Central African Republic	1981	-2.6515
Central African Republic	1982	6.4711
Central African Republic	1983	-9.2136
Central African Republic	1984	8.1514
Central African Republic	1985	2.6357
Central African Republic	1986	2.2676
Central African Republic	1987	-6.1818
Central African Republic	1988	0.0308
Central African Republic	1989	-0.5870
Central African Republic	1990	-5.1438
Central African Republic	1991	-3.6160
Central African Republic	1992	-9.3499
Central African Republic	1993	-2.8105
Central African Republic	1994	1.6764
Central African Republic	1995	4.3152
Central African Republic	1996	-6.4564
Central African Republic	1997	2.4455
Central African Republic	1998	1.8978
Central African Republic	1999	0.8048
Central African Republic	2000	-5.1340
Central African Republic	2001	2.1707
Central African Republic	2002	1.3769
Central African Republic	2003	-7.6342
Central African Republic	2004	3.7263
Central African Republic	2005	-1.3501
Central African Republic	2006	2.6465
Central African Republic	2007	2.6107
Central African Republic	2008	-0.0996
Central African Republic	2009	9.3050
Central African Republic	2010	5.4704
Chad	1961	-0.6260
Chad	1962	3.2483
Chad	1963	-3.5823
Chad	1964	-4.4732
Chad	1965	-1.3837
Chad	1966	-3.7100
Chad	1967	-1.1746
Chad	1968	-2.3967
Chad	1969	4.7478
Chad	1970	-0.2365
Chad	1971	-4.2885
Chad	1972	-1.0831
Chad	1973	-10.5107
Chad	1974	2.5826
Chad	1975	6.6853
Chad	1976	0.9445
Chad	1977	0.3378
Chad	1978	-2.2678
Chad	1979	-23.0804
Chad	1980	-6.2572
Chad	1981	0.9199
Chad	1982	0.5106
Chad	1983	10.0878
Chad	1984	0.7136
Chad	1985	20.5710
Chad	1986	-6.9093
Chad	1987	-5.7495
Chad	1988	11.6376
Chad	1989	1.3886
Chad	1990	-6.7930
Chad	1991	4.6377
Chad	1992	3.5147
Chad	1993	-17.6742
Chad	1994	7.6316
Chad	1995	-3.1278
Chad	1996	-2.2140
Chad	1997	2.0685
Chad	1998	3.3347
Chad	1999	-4.1115
Chad	2000	-4.2495
Chad	2001	7.9545
Chad	2002	4.7773
Chad	2003	10.2280
Chad	2004	27.8073
Chad	2005	12.6968
Chad	2006	-4.0573
Chad	2007	0.6719
Chad	2008	-0.4635
Chad	2009	-4.8687
Chad	2010	9.8071
Chile	1961	3.3464
Chile	1962	1.8238
Chile	1963	3.5768
Chile	1964	0.4637
Chile	1965	-1.2326
Chile	1966	9.4144
Chile	1967	1.7353
Chile	1968	1.7691
Chile	1969	2.3227
Chile	1970	-0.0105
Chile	1971	7.7719
Chile	1972	-2.3223
Chile	1973	-6.5593
Chile	1974	-0.3450
Chile	1975	-13.6363
Chile	1976	2.0113
Chile	1977	9.4599
Chile	1978	6.4104
Chile	1979	6.8381
Chile	1980	6.5860
Chile	1981	5.1637
Chile	1982	-12.7828
Chile	1983	-6.3259
Chile	1984	2.4369
Chile	1985	1.9856
Chile	1986	3.7842
Chile	1987	5.0594
Chile	1988	5.6226
Chile	1989	8.5580
Chile	1990	1.8858
Chile	1991	5.9791
Chile	1992	9.7184
Chile	1993	5.0387
Chile	1994	3.5063
Chile	1995	7.6676
Chile	1996	5.6124
Chile	1997	5.9650
Chile	1998	2.8355
Chile	1999	-1.5204
Chile	2000	3.7236
Chile	2001	1.9688
Chile	2002	2.0699
Chile	2003	3.6330
Chile	2004	5.6029
Chile	2005	4.7918
Chile	2006	5.0195
Chile	2007	4.1439
Chile	2008	2.7576
Chile	2009	-2.1106
Chile	2010	4.7936
Congo, Dem. Rep.	1961	-13.1141
Congo, Dem. Rep.	1962	18.0843
Congo, Dem. Rep.	1963	2.4614
Congo, Dem. Rep.	1964	-5.0164
Congo, Dem. Rep.	1965	-1.7407
Congo, Dem. Rep.	1966	3.7737
Congo, Dem. Rep.	1967	-3.8327
Congo, Dem. Rep.	1968	1.3177
Congo, Dem. Rep.	1969	6.2102
Congo, Dem. Rep.	1970	-3.0538
Congo, Dem. Rep.	1971	3.1462
Congo, Dem. Rep.	1972	-2.4672
Congo, Dem. Rep.	1973	5.2812
Congo, Dem. Rep.	1974	0.4109
Congo, Dem. Rep.	1975	-7.4673
Congo, Dem. Rep.	1976	-7.7257
Congo, Dem. Rep.	1977	-1.7553
Congo, Dem. Rep.	1978	-8.2374
Congo, Dem. Rep.	1979	-3.0386
Congo, Dem. Rep.	1980	-0.9589
Congo, Dem. Rep.	1981	-0.5875
Congo, Dem. Rep.	1982	-3.4001
Congo, Dem. Rep.	1983	-1.7528
Congo, Dem. Rep.	1984	2.0721
Congo, Dem. Rep.	1985	-2.8090
Congo, Dem. Rep.	1986	1.4705
Congo, Dem. Rep.	1987	-0.5117
Congo, Dem. Rep.	1988	-2.6967
Congo, Dem. Rep.	1989	-4.3380
Congo, Dem. Rep.	1990	-9.6175
Congo, Dem. Rep.	1991	-11.4195
Congo, Dem. Rep.	1992	-13.4730
Congo, Dem. Rep.	1993	-16.5071
Congo, Dem. Rep.	1994	-8.3425
Congo, Dem. Rep.	1995	-3.3948
Congo, Dem. Rep.	1996	-2.9077
Congo, Dem. Rep.	1997	-7.1216
Congo, Dem. Rep.	1998	-4.2609
Congo, Dem. Rep.	1999	-7.4317
Congo, Dem. Rep.	2000	-9.8497
Congo, Dem. Rep.	2001	-5.1521
Congo, Dem. Rep.	2002	-0.1509
Congo, Dem. Rep.	2003	2.5383
Congo, Dem. Rep.	2004	3.6412
Congo, Dem. Rep.	2005	2.9245
Congo, Dem. Rep.	2006	1.9180
Congo, Dem. Rep.	2007	5.3475
Congo, Dem. Rep.	2008	4.2417
Congo, Dem. Rep.	2009	-2.5186
Congo, Dem. Rep.	2010	5.2110
Congo, Rep.	1961	5.5873
Congo, Rep.	1962	2.4818
Congo, Rep.	1963	-6.5550
Congo, Rep.	1964	1.0285
Congo, Rep.	1965	0.8385
Congo, Rep.	1966	-1.4679
Congo, Rep.	1967	-0.7712
Congo, Rep.	1968	4.5387
Congo, Rep.	1969	4.4032
Congo, Rep.	1970	3.2037
Congo, Rep.	1971	4.5077
Congo, Rep.	1972	5.2980
Congo, Rep.	1973	4.8995
Congo, Rep.	1974	4.5704
Congo, Rep.	1975	4.7698
Congo, Rep.	1976	-1.5166
Congo, Rep.	1977	-11.1045
Congo, Rep.	1978	3.8943
Congo, Rep.	1979	7.3306
Congo, Rep.	1980	15.0342
Congo, Rep.	1981	15.0548
Congo, Rep.	1982	20.9664
Congo, Rep.	1983	3.6889
Congo, Rep.	1984	4.3435
Congo, Rep.	1985	-4.0543
Congo, Rep.	1986	-9.5535
Congo, Rep.	1987	-2.6955
Congo, Rep.	1988	-1.1396
Congo, Rep.	1989	-0.3228
Congo, Rep.	1990	-1.8427
Congo, Rep.	1991	-0.4755
Congo, Rep.	1992	-0.2486
Congo, Rep.	1993	-3.8666
Congo, Rep.	1994	-8.2514
Congo, Rep.	1995	1.0990
Congo, Rep.	1996	1.4377
Congo, Rep.	1997	-2.7266
Congo, Rep.	1998	1.4816
Congo, Rep.	1999	-5.1780
Congo, Rep.	2000	3.5318
Congo, Rep.	2001	-0.0415
Congo, Rep.	2002	2.1401
Congo, Rep.	2003	-1.9656
Congo, Rep.	2004	-0.0001
Congo, Rep.	2005	3.9416
Congo, Rep.	2006	4.0180
Congo, Rep.	2007	-9.9695
Congo, Rep.	2008	2.8670
Congo, Rep.	2009	7.2643
Congo, Rep.	2010	5.4705
Cote d'Ivoire	1961	5.9946
Cote d'Ivoire	1962	-2.5282
Cote d'Ivoire	1963	10.1714
Cote d'Ivoire	1964	13.1581
Cote d'Ivoire	1965	-6.7831
Cote d'Ivoire	1966	7.3452
Cote d'Ivoire	1967	0.6270
Cote d'Ivoire	1968	8.2566
Cote d'Ivoire	1969	5.2734
Cote d'Ivoire	1970	5.9012
Cote d'Ivoire	1971	4.8214
Cote d'Ivoire	1972	-0.3290
Cote d'Ivoire	1973	1.2249
Cote d'Ivoire	1974	-0.3316
Cote d'Ivoire	1975	3.4245
Cote d'Ivoire	1976	8.4103
Cote d'Ivoire	1977	3.4452
Cote d'Ivoire	1978	6.8078
Cote d'Ivoire	1979	-1.4817
Cote d'Ivoire	1980	-14.4069
Cote d'Ivoire	1981	-0.5623
Cote d'Ivoire	1982	-3.7512
Cote d'Ivoire	1983	-7.6810
Cote d'Ivoire	1984	-6.5100
Cote d'Ivoire	1985	0.4425
Cote d'Ivoire	1986	-0.7009
Cote d'Ivoire	1987	-4.1192
Cote d'Ivoire	1988	-2.6642
Cote d'Ivoire	1989	-0.9573
Cote d'Ivoire	1990	-4.9094
Cote d'Ivoire	1991	-3.8561
Cote d'Ivoire	1992	-4.1473
Cote d'Ivoire	1993	-4.0845
Cote d'Ivoire	1994	-3.0784
Cote d'Ivoire	1995	3.0272
Cote d'Ivoire	1996	3.6360
Cote d'Ivoire	1997	5.5159
Cote d'Ivoire	1998	0.4048
Cote d'Ivoire	1999	-2.0768
Cote d'Ivoire	2000	-2.9879
Cote d'Ivoire	2001	-4.7371
Cote d'Ivoire	2002	-5.2117
Cote d'Ivoire	2003	-7.0710
Cote d'Ivoire	2004	0.7129
Cote d'Ivoire	2005	-1.3866
Cote d'Ivoire	2006	0.4220
Cote d'Ivoire	2007	-1.2242
Cote d'Ivoire	2008	2.4260
Cote d'Ivoire	2009	1.3262
Cote d'Ivoire	2010	4.5193
Dominican Republic	1961	-5.3510
Dominican Republic	1962	13.4583
Dominican Republic	1963	3.2870
Dominican Republic	1964	3.5817
Dominican Republic	1965	-15.0186
Dominican Republic	1966	10.1975
Dominican Republic	1967	0.3323
Dominican Republic	1968	-2.6127
Dominican Republic	1969	7.7842
Dominican Republic	1970	14.9412
Dominican Republic	1971	7.8096
Dominican Republic	1972	7.3649
Dominican Republic	1973	9.8187
Dominican Republic	1974	3.1552
Dominican Republic	1975	2.4298
Dominican Republic	1976	3.9751
Dominican Republic	1977	2.3147
Dominican Republic	1978	-0.4155
Dominican Republic	1979	1.9543
Dominican Republic	1980	5.3426
Dominican Republic	1981	1.8025
Dominican Republic	1982	-0.6488
Dominican Republic	1983	2.2428
Dominican Republic	1984	-1.0299
Dominican Republic	1985	-4.2742
Dominican Republic	1986	1.3038
Dominican Republic	1987	7.7993
Dominican Republic	1988	0.0219
Dominican Republic	1989	2.2154
Dominican Republic	1990	-7.4225
Dominican Republic	1991	-1.1119
Dominican Republic	1992	9.0326
Dominican Republic	1993	5.2871
Dominican Republic	1994	0.6441
Dominican Republic	1995	3.7380
Dominican Republic	1996	4.0514
Dominican Republic	1997	7.0186
Dominican Republic	1998	4.9560
Dominican Republic	1999	4.2523
Dominican Republic	2000	2.9696
Dominican Republic	2001	0.8702
Dominican Republic	2002	2.9290
Dominican Republic	2003	-2.7596
Dominican Republic	2004	1.1854
Dominican Republic	2005	8.0066
Dominican Republic	2006	7.8138
Dominican Republic	2007	6.1179
Dominican Republic	2008	2.0009
Dominican Republic	2009	-0.2689
Dominican Republic	2010	7.0223
Ecuador	1961	2.1984
Ecuador	1962	1.9624
Ecuador	1963	-0.8016
Ecuador	1964	4.3163
Ecuador	1965	0.2756
Ecuador	1966	-3.2541
Ecuador	1967	1.5487
Ecuador	1968	-1.0887
Ecuador	1969	1.5940
Ecuador	1970	3.7441
Ecuador	1971	3.1966
Ecuador	1972	1.9779
Ecuador	1973	10.6790
Ecuador	1974	8.0493
Ecuador	1975	7.8592
Ecuador	1976	4.4242
Ecuador	1977	-1.1747
Ecuador	1978	2.8463
Ecuador	1979	0.9583
Ecuador	1980	0.9526
Ecuador	1981	2.8295
Ecuador	1982	-2.0069
Ecuador	1983	-2.9199
Ecuador	1984	-0.0251
Ecuador	1985	1.2965
Ecuador	1986	0.9194
Ecuador	1987	-2.6385
Ecuador	1988	3.4416
Ecuador	1989	-1.2728
Ecuador	1990	1.3851
Ecuador	1991	2.0627
Ecuador	1992	-0.0134
Ecuador	1993	-0.0759
Ecuador	1994	2.2604
Ecuador	1995	0.3265
Ecuador	1996	-0.1669
Ecuador	1997	2.4186
Ecuador	1998	1.4116
Ecuador	1999	-6.4169
Ecuador	2000	-0.6482
Ecuador	2001	2.4182
Ecuador	2002	3.1094
Ecuador	2003	1.0854
Ecuador	2004	4.9766
Ecuador	2005	3.5910
Ecuador	2006	2.5636
Ecuador	2007	0.1768
Ecuador	2008	4.7632
Ecuador	2009	-0.6187
Ecuador	2010	2.2990
El Salvador	1966	4.1819
El Salvador	1967	2.5021
El Salvador	1968	0.4016
El Salvador	1969	0.7160
El Salvador	1970	0.3863
El Salvador	1971	1.4058
El Salvador	1972	3.6539
El Salvador	1973	2.4322
El Salvador	1974	2.9415
El Salvador	1975	0.6560
El Salvador	1976	2.8072
El Salvador	1977	4.5223
El Salvador	1978	3.0970
El Salvador	1979	-6.0254
El Salvador	1980	-16.9489
El Salvador	1981	-6.3443
El Salvador	1982	-7.3600
El Salvador	1983	-0.2921
El Salvador	1984	-0.5790
El Salvador	1985	-1.3735
El Salvador	1986	-1.7733
El Salvador	1987	0.5018
El Salvador	1988	-0.1491
El Salvador	1989	-1.0012
El Salvador	1990	2.8769
El Salvador	1991	-0.2670
El Salvador	1992	5.2873
El Salvador	1993	4.4283
El Salvador	1994	3.6995
El Salvador	1995	3.8616
El Salvador	1996	0.0621
El Salvador	1997	2.4446
El Salvador	1998	2.0203
El Salvador	1999	1.5899
El Salvador	2000	0.6265
El Salvador	2001	0.4622
El Salvador	2002	1.2578
El Salvador	2003	1.3628
El Salvador	2004	0.7874
El Salvador	2005	2.6653
El Salvador	2006	4.3936
El Salvador	2007	1.7204
El Salvador	2008	1.8245
El Salvador	2009	-2.4160
El Salvador	2010	1.8180
Eritrea	1993	9.9547
Eritrea	1994	17.5536
Eritrea	1995	-2.7969
Eritrea	1996	3.9615
Eritrea	1997	6.7218
Eritrea	1998	0.4524
Eritrea	1999	-1.4492
Eritrea	2000	-4.6184
Eritrea	2001	5.6957
Eritrea	2002	-0.4769
Eritrea	2003	-6.5949
Eritrea	2004	-2.6239
Eritrea	2005	0.1488
Eritrea	2006	-2.5182
Eritrea	2007	-0.0418
Eritrea	2008	-12.1248
Eritrea	2009	1.3026
Eritrea	2010	0.2059
Ethiopia	1962	1.7300
Ethiopia	1963	1.8593
Ethiopia	1964	1.3860
Ethiopia	1965	2.9697
Ethiopia	1966	4.4967
Ethiopia	1967	1.3501
Ethiopia	1968	1.3045
Ethiopia	1969	-1.3626
Ethiopia	1970	0.6695
Ethiopia	1971	3.6548
Ethiopia	1972	1.4791
Ethiopia	1973	2.3497
Ethiopia	1974	0.6366
Ethiopia	1975	-1.1985
Ethiopia	1976	-2.3482
Ethiopia	1977	0.7656
Ethiopia	1978	1.0122
Ethiopia	1979	-2.5568
Ethiopia	1980	5.8373
Ethiopia	1981	1.7930
Ethiopia	1982	-2.9260
Ethiopia	1983	5.2538
Ethiopia	1984	-5.3433
Ethiopia	1985	-13.6119
Ethiopia	1986	6.4669
Ethiopia	1987	10.0451
Ethiopia	1988	-3.3452
Ethiopia	1989	-4.1157
Ethiopia	1990	-1.0065
Ethiopia	1991	-11.0738
Ethiopia	1992	-12.4355
Ethiopia	1993	9.2348
Ethiopia	1994	-0.3404
Ethiopia	1995	2.5753
Ethiopia	1996	8.7769
Ethiopia	1997	-0.1193
Ethiopia	1998	-6.4429
Ethiopia	1999	1.9272
Ethiopia	2000	2.8681
Ethiopia	2001	5.0653
Ethiopia	2002	-1.5289
Ethiopia	2003	-5.0729
Ethiopia	2004	10.2218
Ethiopia	2005	8.5509
Ethiopia	2006	7.6265
Ethiopia	2007	8.2377
Ethiopia	2008	7.6279
Ethiopia	2009	5.7564
Ethiopia	2010	9.4043
Gambia, The	1967	-2.7144
Gambia, The	1968	6.5493
Gambia, The	1969	-0.4139
Gambia, The	1970	3.1836
Gambia, The	1971	-2.8974
Gambia, The	1972	-2.6430
Gambia, The	1973	6.0757
Gambia, The	1974	2.8064
Gambia, The	1975	9.1084
Gambia, The	1976	4.1177
Gambia, The	1977	0.2195
Gambia, The	1978	2.9166
Gambia, The	1979	-4.5722
Gambia, The	1980	2.6779
Gambia, The	1981	-0.2025
Gambia, The	1982	-4.2154
Gambia, The	1983	6.8678
Gambia, The	1984	-0.3655
Gambia, The	1985	-4.6514
Gambia, The	1986	-0.0009
Gambia, The	1987	-1.6250
Gambia, The	1988	0.2695
Gambia, The	1989	1.5821
Gambia, The	1990	-0.6965
Gambia, The	1991	-1.1358
Gambia, The	1992	-0.7384
Gambia, The	1993	-0.6965
Gambia, The	1994	-3.0171
Gambia, The	1995	-2.0774
Gambia, The	1996	-0.6904
Gambia, The	1997	1.9636
Gambia, The	1998	0.6364
Gambia, The	1999	3.4847
Gambia, The	2000	2.6502
Gambia, The	2001	2.9744
Gambia, The	2002	-5.8129
Gambia, The	2003	4.0303
Gambia, The	2004	4.1646
Gambia, The	2005	-5.0301
Gambia, The	2006	-3.3522
Gambia, The	2007	0.0963
Gambia, The	2008	3.2119
Gambia, The	2009	3.6124
Gambia, The	2010	2.8735
Georgia	1961	3.2237
Georgia	1962	3.5281
Georgia	1963	2.6782
Georgia	1964	3.9531
Georgia	1965	9.1124
Georgia	1966	6.3130
Georgia	1967	5.2160
Georgia	1968	3.5124
Georgia	1969	3.8007
Georgia	1970	10.9750
Georgia	1971	1.4104
Georgia	1972	1.8021
Georgia	1973	5.5489
Georgia	1974	7.8690
Georgia	1975	6.5909
Georgia	1976	5.3372
Georgia	1977	6.1682
Georgia	1978	6.8042
Georgia	1979	6.5830
Georgia	1980	3.6987
Georgia	1981	4.4066
Georgia	1982	1.1425
Georgia	1983	3.3890
Georgia	1984	4.5316
Georgia	1985	4.0252
Georgia	1986	-8.9876
Georgia	1987	0.4488
Georgia	1988	4.5155
Georgia	1989	-7.4372
Georgia	1990	-14.7657
Georgia	1991	-21.6529
Georgia	1992	-45.3249
Georgia	1993	-29.8415
Georgia	1994	-9.0082
Georgia	1995	6.5252
Georgia	1996	15.3128
Georgia	1997	14.1232
Georgia	1998	5.6843
Georgia	1999	5.0056
Georgia	2000	3.8402
Georgia	2001	6.4458
Georgia	2002	6.4247
Georgia	2003	11.8096
Georgia	2004	6.4498
Georgia	2005	10.2896
Georgia	2006	10.0453
Georgia	2007	13.1644
Georgia	2008	2.7332
Georgia	2009	-2.7912
Georgia	2010	7.0243
Ghana	1961	0.5207
Ghana	1962	1.6302
Ghana	1963	1.9421
Ghana	1964	-0.1949
Ghana	1965	-1.0341
Ghana	1966	-6.5339
Ghana	1967	0.6157
Ghana	1968	-2.0447
Ghana	1969	3.3878
Ghana	1970	6.8294
Ghana	1971	2.3444
Ghana	1972	-5.1938
Ghana	1973	-0.0430
Ghana	1974	3.7977
Ghana	1975	-14.9307
Ghana	1976	-6.2673
Ghana	1977	-0.6967
Ghana	1978	5.2301
Ghana	1979	-5.4470
Ghana	1980	-2.4242
Ghana	1981	-6.1765
Ghana	1982	-9.5893
Ghana	1983	-7.3911
Ghana	1984	5.8786
Ghana	1985	2.8558
Ghana	1986	2.9092
Ghana	1987	2.4195
Ghana	1988	3.1206
Ghana	1989	2.4932
Ghana	1990	0.7257
Ghana	1991	2.6620
Ghana	1992	1.3290
Ghana	1993	2.2924
Ghana	1994	0.8461
Ghana	1995	1.6840
Ghana	1996	2.1876
Ghana	1997	1.7468
Ghana	1998	2.1844
Ghana	1999	1.8822
Ghana	2000	1.1271
Ghana	2001	1.2669
Ghana	2002	1.6653
Ghana	2003	2.3976
Ghana	2004	2.8398
Ghana	2005	3.1586
Ghana	2006	3.6695
Ghana	2007	1.6917
Ghana	2008	6.4147
Ghana	2009	2.2607
Ghana	2010	5.3062
Greece	1961	12.3098
Greece	1962	-0.2314
Greece	1963	11.4308
Greece	1964	9.0137
Greece	1965	10.2511
Greece	1966	5.7117
Greece	1967	4.8124
Greece	1968	6.5086
Greece	1969	11.1567
Greece	1970	8.6823
Greece	1971	7.3743
Greece	1972	9.4464
Greece	1973	7.6026
Greece	1974	-6.7821
Greece	1975	5.3731
Greece	1976	5.2051
Greece	1977	1.6103
Greece	1978	5.8653
Greece	1979	2.0025
Greece	1980	-0.3069
Greece	1981	-2.4325
Greece	1982	-1.7403
Greece	1983	-1.6524
Greece	1984	1.5037
Greece	1985	2.1123
Greece	1986	0.1857
Greece	1987	-2.5851
Greece	1988	3.9098
Greece	1989	3.2597
Greece	1990	-1.0522
Greece	1991	1.8698
Greece	1992	-0.0663
Greece	1993	-2.1772
Greece	1994	1.4906
Greece	1995	1.6238
Greece	1996	0.9367
Greece	1997	3.0931
Greece	1998	2.8653
Greece	1999	2.2659
Greece	2000	3.7127
Greece	2001	4.1078
Greece	2002	4.3001
Greece	2003	5.5446
Greece	2004	5.1175
Greece	2005	0.8872
Greece	2006	6.1242
Greece	2007	3.2435
Greece	2008	-0.2078
Greece	2009	-4.3711
Greece	2010	-5.8152
Guatemala	1961	1.2453
Guatemala	1962	0.5149
Guatemala	1963	6.3779
Guatemala	1964	1.6379
Guatemala	1965	1.3927
Guatemala	1966	2.5480
Guatemala	1967	1.2285
Guatemala	1968	5.8068
Guatemala	1969	1.9682
Guatemala	1970	2.9680
Guatemala	1971	2.8883
Guatemala	1972	4.6043
Guatemala	1973	4.0582
Guatemala	1974	3.7150
Guatemala	1975	-0.5042
Guatemala	1976	5.0951
Guatemala	1977	5.4664
Guatemala	1978	2.4361
Guatemala	1979	2.1257
Guatemala	1980	1.1673
Guatemala	1981	-1.8486
Guatemala	1982	-5.7231
Guatemala	1983	-4.9278
Guatemala	1984	-2.2827
Guatemala	1985	-3.3824
Guatemala	1986	-2.6007
Guatemala	1987	0.7276
Guatemala	1988	1.0234
Guatemala	1989	1.0591
Guatemala	1990	0.2553
Guatemala	1991	0.8880
Guatemala	1992	2.0894
Guatemala	1993	1.1908
Guatemala	1994	1.2997
Guatemala	1995	2.2083
Guatemala	1996	0.3260
Guatemala	1997	1.7282
Guatemala	1998	2.3412
Guatemala	1999	1.2668
Guatemala	2000	1.1764
Guatemala	2001	0.0086
Guatemala	2002	1.4865
Guatemala	2003	0.2766
Guatemala	2004	0.8705
Guatemala	2005	1.0647
Guatemala	2006	3.1460
Guatemala	2007	4.1211
Guatemala	2008	1.1948
Guatemala	2009	-1.5052
Guatemala	2010	0.8655
Guinea	1971	3.4869
Guinea	1972	0.5583
Guinea	1973	-0.1238
Guinea	1974	3.5456
Guinea	1975	1.2551
Guinea	1976	6.2534
Guinea	1977	-4.8448
Guinea	1978	5.1164
Guinea	1979	-2.8300
Guinea	1980	0.8098
Guinea	1981	-1.2656
Guinea	1982	-0.2249
Guinea	1983	-0.8195
Guinea	1984	-0.8256
Guinea	1985	2.5618
Guinea	1986	0.5984
Guinea	1987	0.6820
Guinea	1988	3.5633
Guinea	1989	1.3391
Guinea	1990	0.7804
Guinea	1991	-1.4131
Guinea	1992	0.0269
Guinea	1993	1.8933
Guinea	1994	0.8995
Guinea	1995	1.7250
Guinea	1996	1.5471
Guinea	1997	3.0421
Guinea	1998	1.7126
Guinea	1999	1.5118
Guinea	2000	0.5122
Guinea	2001	2.3095
Guinea	2002	3.5387
Guinea	2003	-0.9966
Guinea	2004	0.1726
Guinea	2005	0.9574
Guinea	2006	-0.9039
Guinea	2007	4.3731
Guinea	2008	1.6442
Guinea	2009	-3.5076
Guinea	2010	2.2671
Haiti	1961	-4.6759
Haiti	1962	5.9317
Haiti	1963	-3.6148
Haiti	1964	-3.3832
Haiti	1965	0.2855
Haiti	1966	-2.3971
Haiti	1967	-3.9123
Haiti	1968	1.2792
Haiti	1969	1.8950
Haiti	1970	-1.2118
Haiti	1971	4.4938
Haiti	1972	-0.9238
Haiti	1973	2.7725
Haiti	1974	3.7697
Haiti	1975	-0.8067
Haiti	1976	6.3680
Haiti	1977	1.7293
Haiti	1978	4.1820
Haiti	1979	5.5096
Haiti	1980	5.3302
Haiti	1981	-4.7067
Haiti	1982	-5.4180
Haiti	1983	-1.0445
Haiti	1984	-1.6514
Haiti	1985	-1.3729
Haiti	1986	-2.4708
Haiti	1987	-2.7793
Haiti	1988	-1.8258
Haiti	1989	-4.8883
Haiti	1990	-1.0213
Haiti	1991	-0.1731
Haiti	1992	-7.1824
Haiti	1993	-7.2664
Haiti	1994	-13.6309
Haiti	1995	7.8229
Haiti	1996	2.1815
Haiti	1997	0.7859
Haiti	1998	0.2940
Haiti	1999	0.8308
Haiti	2000	-0.9747
Haiti	2001	-2.1432
Haiti	2002	-0.7294
Haiti	2003	1.6820
Haiti	2004	-2.9830
Haiti	2005	1.3544
Haiti	2006	0.0541
Haiti	2007	2.9557
Haiti	2008	0.9618
Haiti	2009	4.1549
Haiti	2010	-6.7459
Honduras	1961	-1.1728
Honduras	1962	-0.6630
Honduras	1963	-1.5653
Honduras	1964	-1.3094
Honduras	1965	-0.3210
Honduras	1966	-3.9318
Honduras	1967	0.8023
Honduras	1968	-4.0139
Honduras	1969	-2.0364
Honduras	1970	1.8736
Honduras	1971	1.5573
Honduras	1972	0.7958
Honduras	1973	1.3410
Honduras	1974	6.2918
Honduras	1975	2.2395
Honduras	1976	12.5329
Honduras	1977	5.3463
Honduras	1978	9.4972
Honduras	1979	8.1514
Honduras	1980	9.6434
Honduras	1981	4.0548
Honduras	1982	1.3073
Honduras	1983	3.8621
Honduras	1984	-0.6070
Honduras	1985	1.6785
Honduras	1986	2.5572
Honduras	1987	-1.1055
Honduras	1988	4.5863
Honduras	1989	4.1599
Honduras	1990	17.7981
Honduras	1991	22.5216
Honduras	1992	5.9814
Honduras	1993	10.4560
Honduras	1994	25.4117
Honduras	1995	21.1904
Honduras	1996	19.5353
Honduras	1997	19.0502
Honduras	1998	8.6594
Honduras	1999	8.6815
Honduras	2000	6.6575
Honduras	2001	-0.0162
Honduras	2002	1.0499
Honduras	2003	1.8985
Honduras	2004	3.6157
Honduras	2005	3.5071
Honduras	2006	4.0832
Honduras	2007	3.7763
Honduras	2008	1.9188
Honduras	2009	-4.5440
Honduras	2010	1.5491
Indonesia	1961	2.8346
Indonesia	1962	-0.9770
Indonesia	1963	-4.9603
Indonesia	1964	0.6152
Indonesia	1965	-1.4427
Indonesia	1966	0.3871
Indonesia	1967	-1.2212
Indonesia	1968	7.9524
Indonesia	1969	3.9099
Indonesia	1970	4.6348
Indonesia	1971	4.1634
Indonesia	1972	4.2256
Indonesia	1973	5.3009
Indonesia	1974	4.8997
Indonesia	1975	2.3587
Indonesia	1976	4.2536
Indonesia	1977	6.1235
Indonesia	1978	4.1951
Indonesia	1979	4.7550
Indonesia	1980	7.2866
Indonesia	1981	5.4255
Indonesia	1982	-0.0908
Indonesia	1983	1.8440
Indonesia	1984	4.6167
Indonesia	1985	0.2965
Indonesia	1986	3.7604
Indonesia	1987	2.9085
Indonesia	1988	3.7804
Indonesia	1989	5.4610
Indonesia	1990	5.3138
Indonesia	1991	5.0361
Indonesia	1992	4.6676
Indonesia	1993	4.6996
Indonesia	1994	5.7421
Indonesia	1995	6.4354
Indonesia	1996	6.0586
Indonesia	1997	3.0109
Indonesia	1998	-14.4892
Indonesia	1999	-0.7126
Indonesia	2000	3.4279
Indonesia	2001	2.2148
Indonesia	2002	3.0923
Indonesia	2003	3.4024
Indonesia	2004	3.7044
Indonesia	2005	4.3444
Indonesia	2006	4.1120
Indonesia	2007	4.9496
Indonesia	2008	4.6472
Indonesia	2009	3.3116
Indonesia	2010	4.8933
Iran, Islamic Rep.	1961	7.1215
Iran, Islamic Rep.	1962	4.6817
Iran, Islamic Rep.	1963	3.8057
Iran, Islamic Rep.	1964	5.1496
Iran, Islamic Rep.	1965	13.4171
Iran, Islamic Rep.	1966	8.0822
Iran, Islamic Rep.	1967	7.9139
Iran, Islamic Rep.	1968	11.0311
Iran, Islamic Rep.	1969	12.1007
Iran, Islamic Rep.	1970	7.6102
Iran, Islamic Rep.	1971	10.3545
Iran, Islamic Rep.	1972	11.1956
Iran, Islamic Rep.	1973	4.3417
Iran, Islamic Rep.	1974	2.7150
Iran, Islamic Rep.	1975	-3.2941
Iran, Islamic Rep.	1976	14.7494
Iran, Islamic Rep.	1977	-5.7388
Iran, Islamic Rep.	1978	-15.6424
Iran, Islamic Rep.	1979	-14.9937
Iran, Islamic Rep.	1980	-24.3887
Iran, Islamic Rep.	1981	-10.5187
Iran, Islamic Rep.	1982	16.8201
Iran, Islamic Rep.	1983	6.8455
Iran, Islamic Rep.	1984	-10.5681
Iran, Islamic Rep.	1985	-1.8064
Iran, Islamic Rep.	1986	-13.0532
Iran, Islamic Rep.	1987	-3.6869
Iran, Islamic Rep.	1988	-9.0650
Iran, Islamic Rep.	1989	3.0772
Iran, Islamic Rep.	1990	10.3354
Iran, Islamic Rep.	1991	9.6969
Iran, Islamic Rep.	1992	1.2753
Iran, Islamic Rep.	1993	-1.8217
Iran, Islamic Rep.	1994	-1.8853
Iran, Islamic Rep.	1995	1.2735
Iran, Islamic Rep.	1996	5.2077
Iran, Islamic Rep.	1997	0.1427
Iran, Islamic Rep.	1998	0.6874
Iran, Islamic Rep.	1999	0.5602
Iran, Islamic Rep.	2000	4.2945
Iran, Islamic Rep.	2001	0.8236
Iran, Islamic Rep.	2002	7.1900
Iran, Islamic Rep.	2003	7.4418
Iran, Islamic Rep.	2004	2.1284
Iran, Islamic Rep.	2005	0.9312
Iran, Islamic Rep.	2006	2.7618
Iran, Islamic Rep.	2007	6.4017
Iran, Islamic Rep.	2008	-0.9593
Iran, Islamic Rep.	2009	-0.2392
Iran, Islamic Rep.	2010	4.4819
Iraq	1961	4.7525
Iraq	1962	1.5089
Iraq	1963	-0.9466
Iraq	1964	11.0378
Iraq	1965	7.0830
Iraq	1966	1.4625
Iraq	1967	-11.9067
Iraq	1968	15.4848
Iraq	1969	-0.2510
Iraq	1970	0.9765
Iraq	1971	1.7965
Iraq	1972	0.2309
Iraq	1973	0.8816
Iraq	1974	12.2467
Iraq	1975	8.8278
Iraq	1976	13.4026
Iraq	1977	-1.4336
Iraq	1978	13.1808
Iraq	1979	17.0422
Iraq	1980	20.8838
Iraq	1981	-3.6657
Iraq	1982	0.5642
Iraq	1983	-15.6182
Iraq	1984	-4.5105
Iraq	1985	-0.9570
Iraq	1986	2.1039
Iraq	1987	6.3485
Iraq	1988	-2.3119
Iraq	1989	-5.6611
Iraq	1990	55.8729
Iraq	1991	-64.4236
Iraq	1992	28.7263
Iraq	1993	24.1805
Iraq	1994	-0.9856
Iraq	1995	-1.2441
Iraq	1996	7.5331
Iraq	1997	17.5463
Iraq	1998	30.8254
Iraq	1999	13.8387
Iraq	2000	13.0302
Iraq	2001	-1.3585
Iraq	2002	-11.0583
Iraq	2003	-38.5382
Iraq	2004	49.0739
Iraq	2005	-1.2939
Iraq	2006	4.8665
Iraq	2007	2.6957
Iraq	2008	6.0635
Iraq	2009	-0.3598
Iraq	2010	3.0192
Kazakhstan	1991	-11.6415
Kazakhstan	1992	-5.5952
Kazakhstan	1993	-8.8944
Kazakhstan	1994	-11.4169
Kazakhstan	1995	-6.4813
Kazakhstan	1996	2.4254
Kazakhstan	1997	4.0631
Kazakhstan	1998	0.5793
Kazakhstan	1999	3.9752
Kazakhstan	2000	9.4796
Kazakhstan	2001	12.9575
Kazakhstan	2002	9.2311
Kazakhstan	2003	8.6704
Kazakhstan	2004	8.8893
Kazakhstan	2005	8.8896
Kazakhstan	2006	9.7679
Kazakhstan	2007	7.8718
Kazakhstan	2008	2.2353
Kazakhstan	2009	0.0228
Kazakhstan	2010	5.9173
Kenya	1961	-11.1514
Kenya	1962	5.3486
Kenya	1963	4.6347
Kenya	1964	0.9224
Kenya	1965	-1.9732
Kenya	1966	10.2454
Kenya	1967	-0.6587
Kenya	1968	3.7967
Kenya	1969	3.8058
Kenya	1970	-8.2541
Kenya	1971	17.8201
Kenya	1972	13.0810
Kenya	1973	2.3029
Kenya	1974	0.6002
Kenya	1975	-2.4149
Kenya	1976	-1.1099
Kenya	1977	5.8794
Kenya	1978	3.2950
Kenya	1979	3.9502
Kenya	1980	1.9151
Kenya	1981	0.1290
Kenya	1982	-2.0607
Kenya	1983	-2.3252
Kenya	1984	-1.9189
Kenya	1985	0.5697
Kenya	1986	3.4085
Kenya	1987	2.2659
Kenya	1988	2.5226
Kenya	1989	1.0827
Kenya	1990	0.6683
Kenya	1991	-1.7956
Kenya	1992	-3.7937
Kenya	1993	-2.5823
Kenya	1994	-0.3042
Kenya	1995	1.4837
Kenya	1996	1.3190
Kenya	1997	-2.2337
Kenya	1998	0.4788
Kenya	1999	-0.6033
Kenya	2000	-2.3861
Kenya	2001	0.5756
Kenya	2002	-2.5674
Kenya	2003	-0.1948
Kenya	2004	1.8911
Kenya	2005	2.7024
Kenya	2006	3.2772
Kenya	2007	3.6698
Kenya	2008	-2.7589
Kenya	2009	0.2326
Kenya	2010	4.9681
Kyrgyz Republic	1987	1.3534
Kyrgyz Republic	1988	11.2196
Kyrgyz Republic	1989	0.6636
Kyrgyz Republic	1990	3.6872
Kyrgyz Republic	1991	-9.4370
Kyrgyz Republic	1992	-14.8256
Kyrgyz Republic	1993	-15.4851
Kyrgyz Republic	1994	-20.0549
Kyrgyz Republic	1995	-6.3650
Kyrgyz Republic	1996	5.5116
Kyrgyz Republic	1997	8.3242
Kyrgyz Republic	1998	0.5673
Kyrgyz Republic	1999	2.1266
Kyrgyz Republic	2000	4.1961
Kyrgyz Republic	2001	4.3268
Kyrgyz Republic	2002	-0.9315
Kyrgyz Republic	2003	5.9139
Kyrgyz Republic	2004	5.7394
Kyrgyz Republic	2005	-1.2956
Kyrgyz Republic	2006	2.0017
Kyrgyz Republic	2007	7.5125
Kyrgyz Republic	2008	7.3755
Kyrgyz Republic	2009	1.5326
Kyrgyz Republic	2010	-1.8809
Lao PDR	1985	2.2004
Lao PDR	1986	1.9750
Lao PDR	1987	-4.1880
Lao PDR	1988	-4.7769
Lao PDR	1989	10.9654
Lao PDR	1990	3.7108
Lao PDR	1991	1.4003
Lao PDR	1992	2.6769
Lao PDR	1993	3.0774
Lao PDR	1994	5.3667
Lao PDR	1995	4.4216
Lao PDR	1996	4.4643
Lao PDR	1997	4.6663
Lao PDR	1998	2.0608
Lao PDR	1999	5.4475
Lao PDR	2000	4.0373
Lao PDR	2001	4.0225
Lao PDR	2002	4.2310
Lao PDR	2003	4.4465
Lao PDR	2004	4.8183
Lao PDR	2005	5.5036
Lao PDR	2006	6.9129
Lao PDR	2007	5.9439
Lao PDR	2008	6.1988
Lao PDR	2009	5.9056
Lao PDR	2010	6.9412
Lesotho	1961	-1.1320
Lesotho	1962	11.9404
Lesotho	1963	7.3793
Lesotho	1964	5.1105
Lesotho	1965	-0.7945
Lesotho	1966	-3.5429
Lesotho	1967	7.0153
Lesotho	1968	-3.9530
Lesotho	1969	-2.0774
Lesotho	1970	-1.4389
Lesotho	1971	1.4343
Lesotho	1972	-3.6523
Lesotho	1973	22.0935
Lesotho	1974	7.2200
Lesotho	1975	-16.4511
Lesotho	1976	7.5427
Lesotho	1977	18.3385
Lesotho	1978	14.9942
Lesotho	1979	-0.0380
Lesotho	1980	-5.5350
Lesotho	1981	-2.1945
Lesotho	1982	1.4678
Lesotho	1983	-0.9171
Lesotho	1984	2.5558
Lesotho	1985	-0.2572
Lesotho	1986	2.0611
Lesotho	1987	-1.4732
Lesotho	1988	6.3266
Lesotho	1989	3.6742
Lesotho	1990	4.0379
Lesotho	1991	5.0691
Lesotho	1992	5.1924
Lesotho	1993	1.9575
Lesotho	1994	4.5552
Lesotho	1995	2.0349
Lesotho	1996	4.4738
Lesotho	1997	2.8840
Lesotho	1998	1.0336
Lesotho	1999	0.2160
Lesotho	2000	3.8403
Lesotho	2001	3.7200
Lesotho	2002	1.0356
Lesotho	2003	5.0665
Lesotho	2004	2.4110
Lesotho	2005	4.4225
Lesotho	2006	4.6595
Lesotho	2007	3.7503
Lesotho	2008	4.8112
Lesotho	2009	-1.9687
Lesotho	2010	4.4593
Liberia	1961	-0.0335
Liberia	1962	-1.1379
Liberia	1963	-0.2565
Liberia	1964	2.5347
Liberia	1965	2.1632
Liberia	1966	5.0005
Liberia	1967	4.0700
Liberia	1968	2.1303
Liberia	1969	4.5811
Liberia	1970	3.9672
Liberia	1971	2.2962
Liberia	1972	1.5352
Liberia	1973	-4.7816
Liberia	1974	1.9981
Liberia	1975	-6.0424
Liberia	1976	2.4804
Liberia	1977	-1.2283
Liberia	1978	1.8054
Liberia	1979	0.2615
Liberia	1980	-6.9089
Liberia	1981	-4.9745
Liberia	1982	-5.2098
Liberia	1983	-4.7853
Liberia	1984	-5.0891
Liberia	1985	-3.8185
Liberia	1986	-4.5736
Liberia	1987	-3.8633
Liberia	1988	-4.8327
Liberia	1989	-28.7339
Liberia	1990	-44.5523
Liberia	1991	-2.5133
Liberia	1992	-38.7173
Liberia	1993	-35.5463
Liberia	1994	-21.5732
Liberia	1995	-5.1151
Liberia	1996	8.9505
Liberia	1997	90.8323
Liberia	1998	17.6690
Liberia	1999	15.2024
Liberia	2000	23.9409
Liberia	2001	-0.0568
Liberia	2002	1.0994
Liberia	2003	-30.6994
Liberia	2004	1.4054
Liberia	2005	0.6846
Liberia	2006	2.1702
Liberia	2007	4.2134
Liberia	2008	2.8847
Liberia	2009	2.0418
Liberia	2010	3.0712
Libya	1961	5.4589
Libya	1962	27.1107
Libya	1963	29.5494
Libya	1964	39.8407
Libya	1965	24.5741
Libya	1966	15.7029
Libya	1967	8.2339
Libya	1968	30.1223
Libya	1969	9.6344
Libya	1970	1.5090
Libya	1971	-8.3980
Libya	1972	5.5690
Libya	1973	-1.9441
Libya	1974	16.2643
Libya	1975	-1.6087
Libya	1976	16.1219
Libya	1977	2.7974
Libya	1978	-2.4819
Libya	1979	2.8489
Libya	1980	-4.9168
Libya	1981	-23.5884
Libya	1982	-0.0445
Libya	1983	-2.3200
Libya	1984	-6.4175
Libya	1985	4.8505
Libya	1986	-13.9708
Libya	1987	-17.0223
Libya	1988	4.8369
Libya	1989	4.6036
Libya	1990	1.3327
Libya	1991	13.1315
Libya	1992	-4.7240
Libya	1993	-5.6479
Libya	1994	0.0536
Libya	1995	-3.9104
Libya	1996	0.4846
Libya	1997	3.6080
Libya	1998	-4.9793
Libya	1999	-0.7435
Libya	2000	1.9793
Libya	2001	-3.5557
Libya	2002	-2.8427
Libya	2003	10.7839
Libya	2004	2.3258
Libya	2005	9.5392
Libya	2006	4.3383
Libya	2007	4.0692
Libya	2008	-2.2603
Libya	2009	-6.3711
Libya	2010	2.9074
Madagascar	1961	-0.5799
Madagascar	1962	-0.3501
Madagascar	1963	-3.4583
Madagascar	1964	1.3097
Madagascar	1965	-3.0055
Madagascar	1966	-0.5863
Madagascar	1967	2.7391
Madagascar	1968	3.9490
Madagascar	1969	0.8706
Madagascar	1970	2.3213
Madagascar	1971	0.9507
Madagascar	1972	-4.1409
Madagascar	1973	-5.4732
Madagascar	1974	-1.0042
Madagascar	1975	-1.7454
Madagascar	1976	-5.9548
Madagascar	1977	-0.6913
Madagascar	1978	-5.5745
Madagascar	1979	6.5642
Madagascar	1980	-2.0565
Madagascar	1981	-12.4536
Madagascar	1982	-4.7602
Madagascar	1983	-2.0253
Madagascar	1984	-1.1668
Madagascar	1985	-1.7387
Madagascar	1986	-0.9239
Madagascar	1987	-1.6681
Madagascar	1988	0.4767
Madagascar	1989	1.0915
Madagascar	1990	0.1294
Madagascar	1991	-9.0653
Madagascar	1992	-1.8184
Madagascar	1993	-0.9674
Madagascar	1994	-3.1002
Madagascar	1995	-1.4867
Madagascar	1996	-1.0802
Madagascar	1997	0.3726
Madagascar	1998	0.5723
Madagascar	1999	1.3546
Madagascar	2000	1.1945
Madagascar	2001	2.7659
Madagascar	2002	-14.9882
Madagascar	2003	6.6141
Madagascar	2004	2.2319
Madagascar	2005	1.7318
Madagascar	2006	2.3473
Madagascar	2007	2.6531
Madagascar	2008	3.6258
Madagascar	2009	-6.7569
Madagascar	2010	-2.2658
Malawi	1961	5.1076
Malawi	1962	-1.7324
Malawi	1963	-3.7725
Malawi	1964	0.1751
Malawi	1965	10.8746
Malawi	1966	10.5036
Malawi	1967	4.6616
Malawi	1968	-4.3253
Malawi	1969	3.3032
Malawi	1970	-1.9657
Malawi	1971	13.3448
Malawi	1972	3.5499
Malawi	1973	-0.3461
Malawi	1974	4.3118
Malawi	1975	3.1568
Malawi	1976	1.9883
Malawi	1977	1.7116
Malawi	1978	6.0590
Malawi	1979	0.6105
Malawi	1980	-3.3877
Malawi	1981	-8.9371
Malawi	1982	-1.4647
Malawi	1983	-0.2942
Malawi	1984	1.3213
Malawi	1985	0.6231
Malawi	1986	-3.8240
Malawi	1987	-3.1133
Malawi	1988	-2.2459
Malawi	1989	-3.3266
Malawi	1990	1.5997
Malawi	1991	5.4347
Malawi	1992	-9.9923
Malawi	1993	8.1032
Malawi	1994	-9.1882
Malawi	1995	16.8988
Malawi	1996	5.2215
Malawi	1997	1.7307
Malawi	1998	1.6731
Malawi	1999	0.6646
Malawi	2000	-0.8308
Malawi	2001	-7.2464
Malawi	2002	-0.7601
Malawi	2003	3.0925
Malawi	2004	2.7290
Malawi	2005	0.5399
Malawi	2006	1.8548
Malawi	2007	6.5513
Malawi	2008	4.5586
Malawi	2009	5.1723
Malawi	2010	3.7696
Mali	1968	2.1387
Mali	1969	-1.3059
Mali	1970	4.4668
Mali	1971	0.9371
Mali	1972	4.1172
Mali	1973	-3.1487
Mali	1974	-3.2639
Mali	1975	9.6361
Mali	1976	11.6040
Mali	1977	4.3989
Mali	1978	-3.3535
Mali	1979	8.2161
Mali	1980	-6.2983
Mali	1981	0.0929
Mali	1982	-10.3601
Mali	1983	-4.4197
Mali	1984	-4.8731
Mali	1985	10.9472
Mali	1986	-2.5844
Mali	1987	-2.4848
Mali	1988	8.8887
Mali	1989	1.6849
Mali	1990	-7.1334
Mali	1991	10.4426
Mali	1992	-6.9538
Mali	1993	2.1955
Mali	1994	3.3431
Mali	1995	-1.4305
Mali	1996	4.0977
Mali	1997	1.7818
Mali	1998	3.9861
Mali	1999	1.8350
Mali	2000	-3.5860
Mali	2001	12.3756
Mali	2002	-0.1156
Mali	2003	6.3616
Mali	2004	-1.7558
Mali	2005	-0.7656
Mali	2006	0.3433
Mali	2007	-1.5314
Mali	2008	0.2883
Mali	2009	2.0746
Mali	2010	2.2022
Mauritania	1962	-1.9407
Mauritania	1963	-4.6430
Mauritania	1964	24.1432
Mauritania	1965	12.8374
Mauritania	1966	-2.6828
Mauritania	1967	0.5044
Mauritania	1968	6.9061
Mauritania	1969	-1.7901
Mauritania	1970	8.6205
Mauritania	1971	-1.2021
Mauritania	1972	-3.6771
Mauritania	1973	-7.3971
Mauritania	1974	8.8751
Mauritania	1975	-7.8929
Mauritania	1976	5.4097
Mauritania	1977	-4.6642
Mauritania	1978	-3.2869
Mauritania	1979	1.8612
Mauritania	1980	0.4760
Mauritania	1981	0.5290
Mauritania	1982	-5.1111
Mauritania	1983	0.7932
Mauritania	1984	-5.9742
Mauritania	1985	0.0652
Mauritania	1986	2.7128
Mauritania	1987	-0.9921
Mauritania	1988	-1.1761
Mauritania	1989	2.1795
Mauritania	1990	-4.2287
Mauritania	1991	-1.1424
Mauritania	1992	-1.9506
Mauritania	1993	1.6767
Mauritania	1994	-6.2983
Mauritania	1995	6.8481
Mauritania	1996	3.7470
Mauritania	1997	-6.1585
Mauritania	1998	0.1469
Mauritania	1999	0.9384
Mauritania	2000	-6.5556
Mauritania	2001	-3.2184
Mauritania	2002	-0.8358
Mauritania	2003	4.5092
Mauritania	2004	2.3006
Mauritania	2005	5.9660
Mauritania	2006	15.4039
Mauritania	2007	-4.4859
Mauritania	2008	-3.1556
Mauritania	2009	-2.9857
Mauritania	2010	-0.6033
Mozambique	1981	2.8951
Mozambique	1982	-8.9175
Mozambique	1983	-17.4417
Mozambique	1984	-8.3382
Mozambique	1985	-0.8753
Mozambique	1986	-3.9955
Mozambique	1987	14.2349
Mozambique	1988	8.3861
Mozambique	1989	5.6230
Mozambique	1990	-0.4477
Mozambique	1991	2.9015
Mozambique	1992	-9.3502
Mozambique	1993	7.4832
Mozambique	1994	-0.5171
Mozambique	1995	-3.8064
Mozambique	1996	7.1255
Mozambique	1997	8.7969
Mozambique	1998	7.8839
Mozambique	1999	9.3325
Mozambique	2000	-1.4300
Mozambique	2001	10.3674
Mozambique	2002	7.2354
Mozambique	2003	4.8174
Mozambique	2004	5.7623
Mozambique	2005	3.8812
Mozambique	2006	7.3594
Mozambique	2007	5.1181
Mozambique	2008	4.2750
Mozambique	2009	3.2196
Mozambique	2010	3.8619
Myanmar	1961	-1.7013
Myanmar	1962	1.8216
Myanmar	1963	10.8654
Myanmar	1964	-7.9710
Myanmar	1965	8.2211
Myanmar	1966	-6.9859
Myanmar	1967	-8.0356
Myanmar	1968	9.5446
Myanmar	1969	0.9782
Myanmar	1970	2.6325
Myanmar	1971	1.8300
Myanmar	1972	0.1978
Myanmar	1973	-3.0086
Myanmar	1974	3.3074
Myanmar	1975	2.1564
Myanmar	1976	4.0724
Myanmar	1977	3.9345
Myanmar	1978	4.4623
Myanmar	1979	3.1888
Myanmar	1980	5.8899
Myanmar	1981	4.3719
Myanmar	1982	3.6923
Myanmar	1983	2.3731
Myanmar	1984	2.7797
Myanmar	1985	0.8191
Myanmar	1986	-2.8924
Myanmar	1987	-5.6658
Myanmar	1988	-12.7977
Myanmar	1989	2.0725
Myanmar	1990	1.2608
Myanmar	1991	-2.0695
Myanmar	1992	8.1715
Myanmar	1993	4.6288
Myanmar	1994	6.0654
Myanmar	1995	5.5670
Myanmar	1996	5.0873
Myanmar	1997	4.3126
Myanmar	1998	4.5530
Myanmar	1999	9.6324
Myanmar	2000	12.4824
Myanmar	2001	10.1756
Myanmar	2002	10.9072
Myanmar	2003	12.7839
Myanmar	2004	12.5958
Myanmar	2005	12.6841
Myanmar	2006	12.2555
Myanmar	2007	11.2004
Myanmar	2008	9.6498
Myanmar	2009	9.9374
Myanmar	2010	8.8206
Namibia	1981	-0.1543
Namibia	1982	-2.1537
Namibia	1983	-4.3976
Namibia	1984	-2.9021
Namibia	1985	-2.3661
Namibia	1986	1.6003
Namibia	1987	0.2901
Namibia	1988	-2.6709
Namibia	1989	-4.4041
Namibia	1990	-3.9411
Namibia	1991	4.6219
Namibia	1992	3.8418
Namibia	1993	-4.6701
Namibia	1994	-1.3820
Namibia	1995	0.9247
Namibia	1996	0.4372
Namibia	1997	1.5573
Namibia	1998	0.6996
Namibia	1999	0.8308
Namibia	2000	1.0862
Namibia	2001	-0.9143
Namibia	2002	2.9633
Namibia	2003	2.7451
Namibia	2004	10.8464
Namibia	2005	1.2519
Namibia	2006	5.7129
Namibia	2007	3.9796
Namibia	2008	1.2229
Namibia	2009	-1.1687
Namibia	2010	4.4100
Nepal	1961	-0.0150
Nepal	1962	-0.0533
Nepal	1963	-0.0868
Nepal	1964	5.4049
Nepal	1965	-3.2105
Nepal	1966	4.8330
Nepal	1967	-3.6326
Nepal	1968	-1.4685
Nepal	1969	2.2245
Nepal	1970	0.3560
Nepal	1971	-3.3244
Nepal	1972	0.9026
Nepal	1973	-2.6217
Nepal	1974	4.0359
Nepal	1975	-0.7544
Nepal	1976	2.1382
Nepal	1977	0.7325
Nepal	1978	2.0100
Nepal	1979	0.0042
Nepal	1980	-4.5962
Nepal	1981	5.8290
Nepal	1982	1.3879
Nepal	1983	-5.2513
Nepal	1984	7.1382
Nepal	1985	3.7615
Nepal	1986	2.2808
Nepal	1987	-0.4351
Nepal	1988	5.4540
Nepal	1989	2.0351
Nepal	1990	2.1336
Nepal	1991	3.6505
Nepal	1992	1.2109
Nepal	1993	1.0528
Nepal	1994	5.5386
Nepal	1995	1.0128
Nepal	1996	3.0291
Nepal	1997	2.8879
Nepal	1998	1.0114
Nepal	1999	2.4873
Nepal	2000	4.3772
Nepal	2001	3.1185
Nepal	2002	-1.3907
Nepal	2003	2.4893
Nepal	2004	3.3632
Nepal	2005	2.3275
Nepal	2006	2.3687
Nepal	2007	2.5505
Nepal	2008	5.3123
Nepal	2009	3.8291
Nepal	2010	4.1689
Nicaragua	1961	4.3321
Nicaragua	1962	7.6168
Nicaragua	1963	7.5774
Nicaragua	1964	8.3635
Nicaragua	1965	6.2223
Nicaragua	1966	0.1536
Nicaragua	1967	3.6838
Nicaragua	1968	-1.7861
Nicaragua	1969	2.9551
Nicaragua	1970	-1.7694
Nicaragua	1971	0.1327
Nicaragua	1972	-0.7087
Nicaragua	1973	3.3763
Nicaragua	1974	10.7318
Nicaragua	1975	-3.1614
Nicaragua	1976	2.0607
Nicaragua	1977	5.1570
Nicaragua	1978	-10.4651
Nicaragua	1979	-28.4353
Nicaragua	1980	1.7852
Nicaragua	1981	2.4260
Nicaragua	1982	-3.5008
Nicaragua	1983	1.9007
Nicaragua	1984	-3.9819
Nicaragua	1985	-6.3430
Nicaragua	1986	-3.3047
Nicaragua	1987	-2.9573
Nicaragua	1988	-14.4369
Nicaragua	1989	-4.0134
Nicaragua	1990	-2.3596
Nicaragua	1991	-2.4640
Nicaragua	1992	-1.8575
Nicaragua	1993	-2.5558
Nicaragua	1994	1.1665
Nicaragua	1995	3.7764
Nicaragua	1996	4.3873
Nicaragua	1997	2.2460
Nicaragua	1998	2.1384
Nicaragua	1999	5.5157
Nicaragua	2000	2.6794
Nicaragua	2001	1.6416
Nicaragua	2002	-0.4607
Nicaragua	2003	1.3196
Nicaragua	2004	4.0749
Nicaragua	2005	2.9317
Nicaragua	2006	2.6778
Nicaragua	2007	3.5780
Nicaragua	2008	1.9639
Nicaragua	2009	-4.6605
Nicaragua	2010	2.9388
Niger	1961	1.5587
Niger	1962	7.1211
Niger	1963	6.2989
Niger	1964	-2.7169
Niger	1965	3.9131
Niger	1966	-3.1530
Niger	1967	-2.6363
Niger	1968	-2.3530
Niger	1969	-8.0356
Niger	1970	0.2956
Niger	1971	2.8925
Niger	1972	-7.6531
Niger	1973	-19.2379
Niger	1974	5.8937
Niger	1975	-5.3905
Niger	1976	-2.0473
Niger	1977	4.7970
Niger	1978	10.2700
Niger	1979	4.0413
Niger	1980	-5.3231
Niger	1981	-3.1151
Niger	1982	-0.8177
Niger	1983	-6.6711
Niger	1984	-19.2433
Niger	1985	4.5633
Niger	1986	3.2010
Niger	1987	-2.8946
Niger	1988	3.6817
Niger	1989	-2.0715
Niger	1990	-4.3013
Niger	1991	-3.4780
Niger	1992	-1.1310
Niger	1993	-2.7997
Niger	1994	-1.3691
Niger	1995	-0.8784
Niger	1996	-3.1913
Niger	1997	-1.7882
Niger	1998	6.3130
Niger	1999	-3.5942
Niger	2000	-4.5750
Niger	2001	3.5696
Niger	2002	1.2780
Niger	2003	-1.4049
Niger	2004	-3.1833
Niger	2005	3.5059
Niger	2006	2.1270
Niger	2007	-0.5850
Niger	2008	3.8161
Niger	2009	-1.7579
Niger	2010	4.6077
Nigeria	1961	-1.8463
Nigeria	1962	1.9396
Nigeria	1963	6.2966
Nigeria	1964	2.7269
Nigeria	1965	2.6344
Nigeria	1966	-6.3109
Nigeria	1967	-17.5238
Nigeria	1968	-3.3547
Nigeria	1969	21.4713
Nigeria	1970	22.1849
Nigeria	1971	11.6003
Nigeria	1972	0.9177
Nigeria	1973	2.7959
Nigeria	1974	8.2825
Nigeria	1975	-7.8159
Nigeria	1976	5.9558
Nigeria	1977	2.9072
Nigeria	1978	-8.6077
Nigeria	1979	3.5167
Nigeria	1980	1.0032
Nigeria	1981	-15.7585
Nigeria	1982	-9.5508
Nigeria	1983	-13.2048
Nigeria	1984	-3.6177
Nigeria	1985	2.9545
Nigeria	1986	-2.6208
Nigeria	1987	0.4865
Nigeria	1988	4.5015
Nigeria	1989	-0.7878
Nigeria	1990	8.7961
Nigeria	1991	-2.2575
Nigeria	1992	1.9201
Nigeria	1993	-4.5972
Nigeria	1994	-4.3744
Nigeria	1995	-2.6729
Nigeria	1996	1.5072
Nigeria	1997	0.2921
Nigeria	1998	-0.0649
Nigeria	1999	-2.0326
Nigeria	2000	2.2446
Nigeria	2001	3.0793
Nigeria	2002	12.2104
Nigeria	2003	4.4283
Nigeria	2004	6.2653
Nigeria	2005	3.5318
Nigeria	2006	3.1709
Nigeria	2007	3.6772
Nigeria	2008	3.8326
Nigeria	2009	5.0672
Nigeria	2010	5.0285
Pakistan	1961	3.2497
Pakistan	1962	1.8036
Pakistan	1963	5.8497
Pakistan	1964	4.7064
Pakistan	1965	7.4394
Pakistan	1966	2.8936
Pakistan	1967	2.4683
Pakistan	1968	4.2212
Pakistan	1969	2.5293
Pakistan	1970	8.1965
Pakistan	1971	-2.2626
Pakistan	1972	-1.9380
Pakistan	1973	3.9916
Pakistan	1974	0.5398
Pakistan	1975	1.1423
Pakistan	1976	1.9861
Pakistan	1977	0.7385
Pakistan	1978	4.6424
Pakistan	1979	0.2257
Pakistan	1980	5.8040
Pakistan	1981	3.5046
Pakistan	1982	2.6065
Pakistan	1983	3.1448
Pakistan	1984	1.8224
Pakistan	1985	4.2357
Pakistan	1986	1.9947
Pakistan	1987	2.8841
Pakistan	1988	4.0676
Pakistan	1989	1.5851
Pakistan	1990	1.0242
Pakistan	1991	1.6446
Pakistan	1992	4.6665
Pakistan	1993	-1.0247
Pakistan	1994	0.7796
Pakistan	1995	1.9723
Pakistan	1996	1.8388
Pakistan	1997	-1.8025
Pakistan	1998	-0.2427
Pakistan	1999	0.8766
Pakistan	2000	1.3562
Pakistan	2001	0.7932
Pakistan	2002	0.1110
Pakistan	2003	2.9492
Pakistan	2004	5.2025
Pakistan	2005	4.7286
Pakistan	2006	3.5553
Pakistan	2007	1.7215
Pakistan	2008	-0.5772
Pakistan	2009	0.8762
Pakistan	2010	-0.9755
Panama	1961	7.6878
Panama	1962	5.0362
Panama	1963	5.2950
Panama	1964	1.3124
Panama	1965	5.9265
Panama	1966	4.4257
Panama	1967	5.4073
Panama	1968	3.9226
Panama	1969	5.3863
Panama	1970	3.9772
Panama	1971	6.5863
Panama	1972	1.7297
Panama	1973	2.5459
Panama	1974	-0.2366
Panama	1975	-0.8703
Panama	1976	-0.8842
Panama	1977	-1.3817
Panama	1978	7.1590
Panama	1979	2.0412
Panama	1980	10.4282
Panama	1981	6.6524
Panama	1982	2.8920
Panama	1983	-6.7112
Panama	1984	0.3372
Panama	1985	2.5518
Panama	1986	1.2488
Panama	1987	-3.9693
Panama	1988	-15.2529
Panama	1989	-0.5913
Panama	1990	5.8203
Panama	1991	7.1208
Panama	1992	5.9597
Panama	1993	3.2877
Panama	1994	0.7525
Panama	1995	-0.3028
Panama	1996	1.9957
Panama	1997	5.5650
Panama	1998	6.2444
Panama	1999	3.1476
Panama	2000	2.1823
Panama	2001	-0.9960
Panama	2002	0.5497
Panama	2003	3.1047
Panama	2004	6.1344
Panama	2005	6.2541
Panama	2006	7.8392
Panama	2007	11.0969
Panama	2008	8.2093
Panama	2009	-0.2050
Panama	2010	4.1980
Peru	1961	4.2625
Peru	1962	6.8776
Peru	1963	1.3448
Peru	1964	3.5096
Peru	1965	2.6302
Peru	1966	5.1959
Peru	1967	0.9535
Peru	1968	-2.6260
Peru	1969	0.6624
Peru	1970	0.8052
Peru	1971	2.0447
Peru	1972	0.7681
Peru	1973	3.5606
Peru	1974	6.6538
Peru	1975	1.7338
Peru	1976	-1.0241
Peru	1977	-2.0989
Peru	1978	-5.0372
Peru	1979	1.5269
Peru	1980	3.3327
Peru	1981	2.9554
Peru	1982	-2.6709
Peru	1983	-12.6086
Peru	1984	1.0754
Peru	1985	-0.3984
Peru	1986	6.8753
Peru	1987	7.2461
Peru	1988	-11.4730
Peru	1989	-14.2582
Peru	1990	-7.0637
Peru	1991	0.0870
Peru	1992	-2.5455
Peru	1993	3.1424
Peru	1994	10.1088
Peru	1995	5.3494
Peru	1996	0.8837
Peru	1997	4.5264
Peru	1998	-2.1871
Peru	1999	-0.2431
Peru	2000	1.1043
Peru	2001	-0.7488
Peru	2002	4.2029
Peru	2003	3.0612
Peru	2004	3.9343
Peru	2005	5.3433
Peru	2006	6.6811
Peru	2007	7.7341
Peru	2008	8.4109
Peru	2009	0.4739
Peru	2010	7.6277
Philippines	1961	2.3890
Philippines	1962	1.5626
Philippines	1963	3.6978
Philippines	1964	0.2383
Philippines	1965	2.1734
Philippines	1966	1.3597
Philippines	1967	2.1708
Philippines	1968	2.0407
Philippines	1969	1.7697
Philippines	1970	1.0427
Philippines	1971	2.9363
Philippines	1972	3.0496
Philippines	1973	6.3912
Philippines	1974	1.1843
Philippines	1975	3.0815
Philippines	1976	6.0574
Philippines	1977	2.7876
Philippines	1978	2.4058
Philippines	1979	2.8166
Philippines	1980	2.4929
Philippines	1981	0.7628
Philippines	1982	0.8675
Philippines	1983	-1.0293
Philippines	1984	-9.6894
Philippines	1985	-9.3666
Philippines	1986	0.8938
Philippines	1987	1.6478
Philippines	1988	3.8722
Philippines	1989	3.5387
Philippines	1990	0.4760
Philippines	1991	-2.7987
Philippines	1992	-1.9340
Philippines	1993	-0.2459
Philippines	1994	2.1224
Philippines	1995	2.3606
Philippines	1996	3.4496
Philippines	1997	2.7406
Philippines	1998	-2.9847
Philippines	1999	0.7383
Philippines	2000	1.9283
Philippines	2001	0.8008
Philippines	2002	1.6344
Philippines	2003	3.0245
Philippines	2004	4.5183
Philippines	2005	3.0092
Philippines	2006	3.5597
Philippines	2007	4.6875
Philippines	2008	2.5166
Philippines	2009	-0.3630
Philippines	2010	5.1587
Russian Federation	1990	-3.1628
Russian Federation	1991	-5.3188
Russian Federation	1992	-14.6139
Russian Federation	1993	-8.6197
Russian Federation	1994	-12.5398
Russian Federation	1995	-4.1228
Russian Federation	1996	-3.6150
Russian Federation	1997	1.5677
Russian Federation	1998	-5.1431
Russian Federation	1999	6.7295
Russian Federation	2000	10.4637
Russian Federation	2001	5.5467
Russian Federation	2002	5.1828
Russian Federation	2003	7.7880
Russian Federation	2004	7.6325
Russian Federation	2005	6.8066
Russian Federation	2006	8.5549
Russian Federation	2007	8.6858
Russian Federation	2008	5.2462
Russian Federation	2009	-7.8277
Russian Federation	2010	4.4531
Rwanda	1961	-6.9000
Rwanda	1962	8.5646
Rwanda	1963	-11.8368
Rwanda	1964	-14.4584
Rwanda	1965	4.2469
Rwanda	1966	4.0184
Rwanda	1967	3.7361
Rwanda	1968	3.7430
Rwanda	1969	7.6362
Rwanda	1970	2.8220
Rwanda	1971	-1.7400
Rwanda	1972	-2.5947
Rwanda	1973	0.4692
Rwanda	1974	-1.5181
Rwanda	1975	-4.9499
Rwanda	1976	16.0240
Rwanda	1977	-0.9747
Rwanda	1978	5.9657
Rwanda	1979	8.5422
Rwanda	1980	5.6196
Rwanda	1981	2.1176
Rwanda	1982	-1.4747
Rwanda	1983	2.5030
Rwanda	1984	-7.4128
Rwanda	1985	0.9387
Rwanda	1986	2.0061
Rwanda	1987	-3.2474
Rwanda	1988	1.2209
Rwanda	1989	-3.0507
Rwanda	1990	-4.9216
Rwanda	1991	-4.4786
Rwanda	1992	3.7190
Rwanda	1993	-11.5382
Rwanda	1994	-41.5406
Rwanda	1995	61.8735
Rwanda	1996	-4.6423
Rwanda	1997	-1.5129
Rwanda	1998	4.4615
Rwanda	1999	3.5037
Rwanda	2000	7.4999
Rwanda	2001	7.5268
Rwanda	2002	11.6682
Rwanda	2003	-0.0197
Rwanda	2004	4.6451
Rwanda	2005	6.5067
Rwanda	2006	6.3527
Rwanda	2007	4.8079
Rwanda	2008	8.2776
Rwanda	2009	3.5429
Rwanda	2010	4.6598
Serbia	1996	6.2496
Serbia	1997	9.2722
Serbia	1998	5.7713
Serbia	1999	-10.0003
Serbia	2000	6.3945
Serbia	2001	6.9623
Serbia	2002	6.5894
Serbia	2003	4.8314
Serbia	2004	6.9361
Serbia	2005	6.2221
Serbia	2006	4.3100
Serbia	2007	8.2702
Serbia	2008	5.6095
Serbia	2009	-2.7534
Serbia	2010	2.0203
Sierra Leone	1961	0.2241
Sierra Leone	1962	2.8442
Sierra Leone	1963	-0.0086
Sierra Leone	1964	4.8312
Sierra Leone	1965	5.2579
Sierra Leone	1966	-0.1593
Sierra Leone	1967	-1.8277
Sierra Leone	1968	0.0999
Sierra Leone	1969	6.4934
Sierra Leone	1970	6.5812
Sierra Leone	1971	1.5587
Sierra Leone	1972	-0.9341
Sierra Leone	1973	0.3817
Sierra Leone	1974	1.6037
Sierra Leone	1975	-0.1832
Sierra Leone	1976	-2.2294
Sierra Leone	1977	-1.7865
Sierra Leone	1978	0.4476
Sierra Leone	1979	2.4917
Sierra Leone	1980	2.7739
Sierra Leone	1981	0.8216
Sierra Leone	1982	2.6529
Sierra Leone	1983	-4.1684
Sierra Leone	1984	1.8375
Sierra Leone	1985	-7.3850
Sierra Leone	1986	-1.2061
Sierra Leone	1987	4.3938
Sierra Leone	1988	-9.5550
Sierra Leone	1989	-1.7550
Sierra Leone	1990	-0.6589
Sierra Leone	1991	1.1603
Sierra Leone	1992	-17.4598
Sierra Leone	1993	1.5998
Sierra Leone	1994	-2.3227
Sierra Leone	1995	-8.1335
Sierra Leone	1996	1.2684
Sierra Leone	1997	-7.0831
Sierra Leone	1998	0.7882
Sierra Leone	1999	-2.4845
Sierra Leone	2000	4.1075
Sierra Leone	2001	-11.7161
Sierra Leone	2002	19.4307
Sierra Leone	2003	5.1224
Sierra Leone	2004	2.9394
Sierra Leone	2005	1.5843
Sierra Leone	2006	2.0071
Sierra Leone	2007	1.4961
Sierra Leone	2008	1.1291
Sierra Leone	2009	-1.1673
Sierra Leone	2010	3.5002
Singapore	1961	4.5804
Singapore	1962	4.6160
Singapore	1963	7.2938
Singapore	1964	-5.5551
Singapore	1965	5.2454
Singapore	1966	7.4746
Singapore	1967	10.0509
Singapore	1968	11.5860
Singapore	1969	12.1340
Singapore	1970	12.1840
Singapore	1971	10.3708
Singapore	1972	11.2360
Singapore	1973	8.5554
Singapore	1974	4.3661
Singapore	1975	2.4813
Singapore	1976	5.9989
Singapore	1977	5.3820
Singapore	1978	6.4813
Singapore	1979	8.1801
Singapore	1980	8.7246
Singapore	1981	5.6143
Singapore	1982	2.5035
Singapore	1983	7.1538
Singapore	1984	6.7552
Singapore	1985	-0.7584
Singapore	1986	1.4386
Singapore	1987	9.1442
Singapore	1988	8.4755
Singapore	1989	6.9719
Singapore	1990	5.6318
Singapore	1991	3.6954
Singapore	1992	3.4837
Singapore	1993	8.6753
Singapore	1994	7.6652
Singapore	1995	3.9686
Singapore	1996	3.1910
Singapore	1997	4.7399
Singapore	1998	-5.4580
Singapore	1999	4.8769
Singapore	2000	7.1660
Singapore	2001	-3.7037
Singapore	2002	2.9792
Singapore	2003	6.1013
Singapore	2004	8.5722
Singapore	2005	4.8721
Singapore	2006	5.6483
Singapore	2007	4.5730
Singapore	2008	-3.4155
Singapore	2009	-2.8468
Singapore	2010	12.5085
Sri Lanka	1962	1.3168
Sri Lanka	1963	0.0385
Sri Lanka	1964	1.3866
Sri Lanka	1965	0.0614
Sri Lanka	1966	2.5168
Sri Lanka	1967	3.8991
Sri Lanka	1968	3.2881
Sri Lanka	1969	5.2263
Sri Lanka	1970	1.5372
Sri Lanka	1971	-0.8303
Sri Lanka	1972	-2.4109
Sri Lanka	1973	4.9942
Sri Lanka	1974	1.9354
Sri Lanka	1975	4.2206
Sri Lanka	1976	1.4792
Sri Lanka	1977	3.2109
Sri Lanka	1978	3.7286
Sri Lanka	1979	4.4368
Sri Lanka	1980	3.9330
Sri Lanka	1981	3.9394
Sri Lanka	1982	2.8665
Sri Lanka	1983	4.1177
Sri Lanka	1984	4.7380
Sri Lanka	1985	4.3084
Sri Lanka	1986	3.1144
Sri Lanka	1987	0.5412
Sri Lanka	1988	1.4399
Sri Lanka	1989	1.2294
Sri Lanka	1990	5.7239
Sri Lanka	1991	3.8197
Sri Lanka	1992	2.7539
Sri Lanka	1993	5.1004
Sri Lanka	1994	4.0727
Sri Lanka	1995	3.7684
Sri Lanka	1996	1.8234
Sri Lanka	1997	4.4043
Sri Lanka	1998	2.7402
Sri Lanka	1999	2.3806
Sri Lanka	2000	4.0863
Sri Lanka	2001	-3.0890
Sri Lanka	2002	2.8865
Sri Lanka	2003	5.1663
Sri Lanka	2004	4.7307
Sri Lanka	2005	5.5643
Sri Lanka	2006	6.9494
Sri Lanka	2007	6.0665
Sri Lanka	2008	5.2473
Sri Lanka	2009	2.9051
Sri Lanka	2010	7.3814
Sudan	1961	-2.6963
Sudan	1962	3.9467
Sudan	1963	-5.5931
Sudan	1964	-4.0123
Sudan	1965	3.6114
Sudan	1966	-6.3467
Sudan	1967	-1.4675
Sudan	1968	-0.9818
Sudan	1969	-1.5487
Sudan	1970	2.8332
Sudan	1971	-0.8304
Sudan	1972	-8.0019
Sudan	1973	-3.0267
Sudan	1974	7.4053
Sudan	1975	11.9463
Sudan	1976	12.8461
Sudan	1977	2.7831
Sudan	1978	-9.3099
Sudan	1979	-8.5493
Sudan	1980	-2.3187
Sudan	1981	3.4262
Sudan	1982	2.2044
Sudan	1983	-1.0589
Sudan	1984	-7.0646
Sudan	1985	-7.9592
Sudan	1986	3.4514
Sudan	1987	12.1836
Sudan	1988	-1.5552
Sudan	1989	7.6686
Sudan	1990	-7.1228
Sudan	1991	5.3525
Sudan	1992	4.5496
Sudan	1993	2.4904
Sudan	1994	-1.4692
Sudan	1995	3.2217
Sudan	1996	3.5282
Sudan	1997	15.5900
Sudan	1998	1.8044
Sudan	1999	0.5246
Sudan	2000	3.3713
Sudan	2001	3.5152
Sudan	2002	3.0464
Sudan	2003	3.4766
Sudan	2004	2.3850
Sudan	2005	2.7534
Sudan	2006	3.5559
Sudan	2007	2.6933
Sudan	2008	0.6935
Sudan	2009	-5.8104
Sudan	2010	0.7589
Syrian Arab Republic	1961	7.5656
Syrian Arab Republic	1962	20.9088
Syrian Arab Republic	1963	-11.3541
Syrian Arab Republic	1964	5.9819
Syrian Arab Republic	1965	-0.8284
Syrian Arab Republic	1966	-10.5200
Syrian Arab Republic	1967	4.8708
Syrian Arab Republic	1968	0.4579
Syrian Arab Republic	1969	14.9901
Syrian Arab Republic	1970	-4.9588
Syrian Arab Republic	1971	5.3644
Syrian Arab Republic	1972	21.4647
Syrian Arab Republic	1973	-13.4409
Syrian Arab Republic	1974	21.6296
Syrian Arab Republic	1975	12.4672
Syrian Arab Republic	1976	8.4785
Syrian Arab Republic	1977	-5.1153
Syrian Arab Republic	1978	6.2363
Syrian Arab Republic	1979	-2.4798
Syrian Arab Republic	1980	10.7274
Syrian Arab Republic	1981	4.2350
Syrian Arab Republic	1982	-0.5646
Syrian Arab Republic	1983	-1.1124
Syrian Arab Republic	1984	-10.7951
Syrian Arab Republic	1985	5.5711
Syrian Arab Republic	1986	-11.1083
Syrian Arab Republic	1987	-1.7647
Syrian Arab Republic	1988	14.0714
Syrian Arab Republic	1989	-16.4607
Syrian Arab Republic	1990	0.4396
Syrian Arab Republic	1991	4.3354
Syrian Arab Republic	1992	9.5567
Syrian Arab Republic	1993	2.9953
Syrian Arab Republic	1994	4.0975
Syrian Arab Republic	1995	4.0376
Syrian Arab Republic	1996	6.8909
Syrian Arab Republic	1997	2.3028
Syrian Arab Republic	1998	4.0660
Syrian Arab Republic	1999	-5.9762
Syrian Arab Republic	2000	-1.8042
Syrian Arab Republic	2001	1.2767
Syrian Arab Republic	2002	5.2838
Syrian Arab Republic	2003	-1.7763
Syrian Arab Republic	2004	4.2932
Syrian Arab Republic	2005	3.5214
Syrian Arab Republic	2006	0.6438
Syrian Arab Republic	2007	-0.6357
Syrian Arab Republic	2008	0.8433
Syrian Arab Republic	2009	4.2718
Syrian Arab Republic	2010	2.8266
Tajikistan	1986	0.1787
Tajikistan	1987	-4.5390
Tajikistan	1988	9.9824
Tajikistan	1989	-9.2028
Tajikistan	1990	-3.0215
Tajikistan	1991	-9.4880
Tajikistan	1992	-30.3598
Tajikistan	1993	-17.5039
Tajikistan	1994	-22.6561
Tajikistan	1995	-14.2305
Tajikistan	1996	-18.3194
Tajikistan	1997	0.4667
Tajikistan	1998	4.6894
Tajikistan	1999	3.1655
Tajikistan	2000	7.0081
Tajikistan	2001	7.4834
Tajikistan	2002	8.6916
Tajikistan	2003	8.8844
Tajikistan	2004	8.1564
Tajikistan	2005	4.6326
Tajikistan	2006	4.9859
Tajikistan	2007	5.7486
Tajikistan	2008	5.7838
Tajikistan	2009	1.7939
Tajikistan	2010	4.2466
Tanzania	1961	-1.7055
Tanzania	1962	5.9774
Tanzania	1963	3.1924
Tanzania	1964	2.3983
Tanzania	1965	1.2449
Tanzania	1966	8.2764
Tanzania	1967	2.3001
Tanzania	1968	2.8954
Tanzania	1969	-0.1810
Tanzania	1970	-48.2433
Tanzania	1971	0.3410
Tanzania	1972	3.3583
Tanzania	1973	2.4368
Tanzania	1974	-1.5057
Tanzania	1975	0.2732
Tanzania	1976	-0.3843
Tanzania	1977	-3.5061
Tanzania	1978	-1.4575
Tanzania	1979	-0.8888
Tanzania	1980	-0.4579
Tanzania	1981	-3.9523
Tanzania	1982	-3.3618
Tanzania	1983	-3.6068
Tanzania	1984	1.3169
Tanzania	1985	-2.0023
Tanzania	1986	2.0654
Tanzania	1987	1.4367
Tanzania	1988	4.0587
Tanzania	1989	1.0419
Tanzania	1990	4.2991
Tanzania	1991	-0.4760
Tanzania	1992	-1.8898
Tanzania	1993	-1.9136
Tanzania	1994	-2.2539
Tanzania	1995	0.3684
Tanzania	1996	2.6517
Tanzania	1997	1.4590
Tanzania	1998	1.0206
Tanzania	1999	2.0999
Tanzania	2000	1.5994
Tanzania	2001	3.2506
Tanzania	2002	4.3637
Tanzania	2003	3.8934
Tanzania	2004	4.6316
Tanzania	2005	4.5402
Tanzania	2006	3.5955
Tanzania	2007	3.8349
Tanzania	2008	2.8735
Tanzania	2009	2.7094
Tanzania	2010	3.6704
Thailand	1961	2.3191
Thailand	1962	4.4172
Thailand	1963	4.8297
Thailand	1964	3.6867
Thailand	1965	4.9962
Thailand	1966	7.8784
Thailand	1967	5.4870
Thailand	1968	5.0545
Thailand	1969	3.5917
Thailand	1970	8.3694
Thailand	1971	2.1039
Thailand	1972	1.5391
Thailand	1973	7.3668
Thailand	1974	1.8382
Thailand	1975	2.4394
Thailand	1976	6.8309
Thailand	1977	7.4143
Thailand	1978	7.9155
Thailand	1979	3.1816
Thailand	1980	3.0272
Thailand	1981	3.8017
Thailand	1982	3.3144
Thailand	1983	3.5592
Thailand	1984	3.7630
Thailand	1985	2.7341
Thailand	1986	3.6633
Thailand	1987	7.6340
Thailand	1988	11.3729
Thailand	1989	10.3584
Thailand	1990	9.3610
Thailand	1991	6.8040
Thailand	1992	6.3790
Thailand	1993	6.5937
Thailand	1994	6.4165
Thailand	1995	6.5883
Thailand	1996	4.2029
Thailand	1997	-4.0420
Thailand	1998	-8.8322
Thailand	1999	3.2691
Thailand	2000	3.2802
Thailand	2001	2.3987
Thailand	2002	5.1328
Thailand	2003	6.1949
Thailand	2004	5.3412
Thailand	2005	3.2954
Thailand	2006	4.1001
Thailand	2007	4.5950
Thailand	2008	0.9473
Thailand	2009	-1.4214
Thailand	2010	6.7948
Togo	1961	10.2189
Togo	1962	1.9627
Togo	1963	3.0894
Togo	1964	12.1051
Togo	1965	13.1841
Togo	1966	7.1954
Togo	1967	3.3341
Togo	1968	2.8324
Togo	1969	5.9552
Togo	1970	-2.5346
Togo	1971	-3.1691
Togo	1972	4.6075
Togo	1973	1.1515
Togo	1974	2.2262
Togo	1975	-0.0335
Togo	1976	-4.3685
Togo	1977	4.4550
Togo	1978	8.4223
Togo	1979	-7.5382
Togo	1980	11.4140
Togo	1981	-6.2711
Togo	1982	-6.2588
Togo	1983	-7.6414
Togo	1984	3.0858
Togo	1985	2.6215
Togo	1986	-1.5508
Togo	1987	-2.4858
Togo	1988	3.4771
Togo	1989	1.0200
Togo	1990	-3.1204
Togo	1991	-3.5214
Togo	1992	-6.6651
Togo	1993	-14.1217
Togo	1994	14.5050
Togo	1995	2.4340
Togo	1996	4.2535
Togo	1997	10.5726
Togo	1998	-4.7220
Togo	1999	-0.0248
Togo	2000	-3.2302
Togo	2001	-1.6523
Togo	2002	1.2866
Togo	2003	4.0909
Togo	2004	-3.3637
Togo	2005	-6.9881
Togo	2006	-0.2344
Togo	2007	-4.2486
Togo	2008	0.7461
Togo	2009	2.1031
Togo	2010	2.5939
Turkiye	1961	-1.5860
Turkiye	1962	2.7592
Turkiye	1963	6.1887
Turkiye	1964	2.7301
Turkiye	1965	0.2735
Turkiye	1966	8.4224
Turkiye	1967	2.0481
Turkiye	1968	4.1140
Turkiye	1969	1.5623
Turkiye	1970	0.8366
Turkiye	1971	3.0902
Turkiye	1972	4.8775
Turkiye	1973	0.9011
Turkiye	1974	3.2817
Turkiye	1975	4.9736
Turkiye	1976	8.2286
Turkiye	1977	1.2954
Turkiye	1978	-0.5250
Turkiye	1979	-2.5556
Turkiye	1980	-4.3774
Turkiye	1981	2.7913
Turkiye	1982	1.3728
Turkiye	1983	2.5329
Turkiye	1984	4.2868
Turkiye	1985	1.9523
Turkiye	1986	4.7579
Turkiye	1987	7.2771
Turkiye	1988	0.2975
Turkiye	1989	-1.6564
Turkiye	1990	7.2396
Turkiye	1991	-1.0363
Turkiye	1992	3.2602
Turkiye	1993	5.8101
Turkiye	1994	-6.3112
Turkiye	1995	6.1270
Turkiye	1996	5.5550
Turkiye	1997	5.8175
Turkiye	1998	0.4992
Turkiye	1999	-4.3399
Turkiye	2000	5.6215
Turkiye	2001	-6.6285
Turkiye	2002	5.1597
Turkiye	2003	4.5779
Turkiye	2004	8.7060
Turkiye	2005	7.9518
Turkiye	2006	5.9735
Turkiye	2007	4.9392
Turkiye	2008	-0.3491
Turkiye	2009	-6.1866
Turkiye	2010	6.9054
Turkmenistan	1988	7.6976
Turkmenistan	1989	-6.9505
Turkmenistan	1990	31.8527
Turkmenistan	1991	-6.9638
Turkmenistan	1992	-16.8801
Turkmenistan	1993	-0.7080
Turkmenistan	1994	-18.9925
Turkmenistan	1995	-8.8505
Turkmenistan	1996	4.8828
Turkmenistan	1997	-12.8896
Turkmenistan	1998	5.3085
Turkmenistan	1999	14.3822
Turkmenistan	2000	3.3861
Turkmenistan	2001	2.2743
Turkmenistan	2002	-1.7199
Turkmenistan	2003	1.2645
Turkmenistan	2004	3.0049
Turkmenistan	2005	10.9273
Turkmenistan	2006	8.9284
Turkmenistan	2007	9.0063
Turkmenistan	2008	12.5330
Turkmenistan	2009	4.0260
Turkmenistan	2010	6.9870
Uganda	1983	3.1552
Uganda	1984	-2.9766
Uganda	1985	-5.9838
Uganda	1986	-2.4910
Uganda	1987	0.7911
Uganda	1988	4.8731
Uganda	1989	2.9842
Uganda	1990	3.0854
Uganda	1991	2.1472
Uganda	1992	-0.0452
Uganda	1993	4.6488
Uganda	1994	2.8921
Uganda	1995	8.5181
Uganda	1996	6.1650
Uganda	1997	2.0970
Uganda	1998	1.8313
Uganda	1999	4.6090
Uganda	2000	-0.0506
Uganda	2001	2.0147
Uganda	2002	5.3804
Uganda	2003	3.1631
Uganda	2004	3.6512
Uganda	2005	3.2571
Uganda	2006	7.5886
Uganda	2007	5.2704
Uganda	2008	5.5545
Uganda	2009	3.7059
Uganda	2010	2.5731
United Arab Emirates	1971	16.8394
United Arab Emirates	1972	21.0227
United Arab Emirates	1973	55.8235
United Arab Emirates	1974	2.1635
United Arab Emirates	1975	-4.2941
United Arab Emirates	1976	2.7126
United Arab Emirates	1977	5.3078
United Arab Emirates	1978	-13.6362
United Arab Emirates	1979	7.3017
United Arab Emirates	1980	11.2286
United Arab Emirates	1981	-3.3486
United Arab Emirates	1982	-12.0387
United Arab Emirates	1983	-10.0616
United Arab Emirates	1984	-1.6131
United Arab Emirates	1985	-8.6264
United Arab Emirates	1986	-20.1431
United Arab Emirates	1987	-3.6362
United Arab Emirates	1988	-8.8462
United Arab Emirates	1989	5.5559
United Arab Emirates	1990	11.5724
United Arab Emirates	1991	-4.5888
United Arab Emirates	1992	-1.9377
United Arab Emirates	1993	-3.6314
United Arab Emirates	1994	2.0248
United Arab Emirates	1995	2.0219
United Arab Emirates	1996	-0.8364
United Arab Emirates	1997	-0.2520
United Arab Emirates	1998	-7.0641
United Arab Emirates	1999	-4.2055
United Arab Emirates	2000	3.6321
United Arab Emirates	2001	-4.8647
United Arab Emirates	2002	-3.6046
United Arab Emirates	2003	2.6856
United Arab Emirates	2004	3.7156
United Arab Emirates	2005	-0.4457
United Arab Emirates	2006	2.2874
United Arab Emirates	2007	-8.1076
United Arab Emirates	2008	-7.9094
United Arab Emirates	2009	-10.9562
United Arab Emirates	2010	-0.8046
Uruguay	1961	1.2094
Uruguay	1962	-2.7608
Uruguay	1963	-0.9928
Uruguay	1964	1.3048
Uruguay	1965	-0.0092
Uruguay	1966	2.0550
Uruguay	1967	-4.5254
Uruguay	1968	1.0630
Uruguay	1969	5.1256
Uruguay	1970	1.7160
Uruguay	1971	-0.8081
Uruguay	1972	-1.8505
Uruguay	1973	-0.2722
Uruguay	1974	2.2892
Uruguay	1975	5.4181
Uruguay	1976	3.2499
Uruguay	1977	0.8254
Uruguay	1978	4.7886
Uruguay	1979	5.6866
Uruguay	1980	5.4113
Uruguay	1981	1.1725
Uruguay	1982	-10.1293
Uruguay	1983	-10.6733
Uruguay	1984	-1.5940
Uruguay	1985	0.9772
Uruguay	1986	8.2427
Uruguay	1987	7.3894
Uruguay	1988	0.8834
Uruguay	1989	0.5046
Uruguay	1990	-0.2890
Uruguay	1991	2.9435
Uruguay	1992	7.3352
Uruguay	1993	2.1162
Uruguay	1994	6.7238
Uruguay	1995	-1.9607
Uruguay	1996	5.0220
Uruguay	1997	7.9745
Uruguay	1998	4.0047
Uruguay	1999	-1.9669
Uruguay	2000	-2.2960
Uruguay	2001	-4.0804
Uruguay	2002	-7.8619
Uruguay	2003	0.7340
Uruguay	2004	4.9414
Uruguay	2005	7.3743
Uruguay	2006	3.9804
Uruguay	2007	6.3589
Uruguay	2008	6.9482
Uruguay	2009	3.9943
Uruguay	2010	7.5276
Uzbekistan	1988	6.1631
Uzbekistan	1989	0.4256
Uzbekistan	1990	-0.8216
Uzbekistan	1991	-2.8557
Uzbekistan	1992	-13.3582
Uzbekistan	1993	-4.5344
Uzbekistan	1994	-7.2060
Uzbekistan	1995	-2.8645
Uzbekistan	1996	-0.1918
Uzbekistan	1997	3.3980
Uzbekistan	1998	2.6752
Uzbekistan	1999	2.8466
Uzbekistan	2000	2.5320
Uzbekistan	2001	2.9050
Uzbekistan	2002	2.7058
Uzbekistan	2003	2.9707
Uzbekistan	2004	6.1359
Uzbekistan	2005	5.6206
Uzbekistan	2006	6.0748
Uzbekistan	2007	7.9489
Uzbekistan	2008	7.3686
Uzbekistan	2009	6.3317
Uzbekistan	2010	5.9059
Venezuela, RB	1961	-0.4176
Venezuela, RB	1962	4.8029
Venezuela, RB	1963	0.3801
Venezuela, RB	1964	7.4120
Venezuela, RB	1965	0.7249
Venezuela, RB	1966	-1.8016
Venezuela, RB	1967	-0.4785
Venezuela, RB	1968	3.9356
Venezuela, RB	1969	-2.4204
Venezuela, RB	1970	4.4250
Venezuela, RB	1971	-1.5736
Venezuela, RB	1972	-1.7155
Venezuela, RB	1973	3.9787
Venezuela, RB	1974	-0.8874
Venezuela, RB	1975	-0.0666
Venezuela, RB	1976	4.6368
Venezuela, RB	1977	3.2319
Venezuela, RB	1978	-0.5629
Venezuela, RB	1979	-2.0740
Venezuela, RB	1980	-7.0752
Venezuela, RB	1981	-3.9625
Venezuela, RB	1982	-0.2086
Venezuela, RB	1983	-12.0592
Venezuela, RB	1984	2.4107
Venezuela, RB	1985	-1.9532
Venezuela, RB	1986	3.4512
Venezuela, RB	1987	2.2194
Venezuela, RB	1988	3.7478
Venezuela, RB	1989	-16.1348
Venezuela, RB	1990	4.1362
Venezuela, RB	1991	7.0018
Venezuela, RB	1992	3.5824
Venezuela, RB	1993	-1.9761
Venezuela, RB	1994	-4.4300
Venezuela, RB	1995	1.7525
Venezuela, RB	1996	-2.3143
Venezuela, RB	1997	4.1864
Venezuela, RB	1998	-1.5221
Venezuela, RB	1999	-7.7566
Venezuela, RB	2000	1.5931
Venezuela, RB	2001	1.5384
Venezuela, RB	2002	-10.3618
Venezuela, RB	2003	-9.3802
Venezuela, RB	2004	16.1962
Venezuela, RB	2005	8.3591
Venezuela, RB	2006	8.1209
Venezuela, RB	2007	7.1351
Venezuela, RB	2008	3.6994
Venezuela, RB	2009	-4.3877
Venezuela, RB	2010	-2.8675
Yemen, Rep.	1991	2.2986
Yemen, Rep.	1992	4.1701
Yemen, Rep.	1993	0.1635
Yemen, Rep.	1994	2.8544
Yemen, Rep.	1995	1.9393
Yemen, Rep.	1996	1.1712
Yemen, Rep.	1997	1.9297
Yemen, Rep.	1998	2.7190
Yemen, Rep.	1999	0.5940
Yemen, Rep.	2000	2.9640
Yemen, Rep.	2001	0.7141
Yemen, Rep.	2002	0.8976
Yemen, Rep.	2003	0.7433
Yemen, Rep.	2004	0.9668
Yemen, Rep.	2005	2.3720
Yemen, Rep.	2006	-0.1294
Yemen, Rep.	2007	0.0451
Yemen, Rep.	2008	0.3710
Yemen, Rep.	2009	0.5982
Yemen, Rep.	2010	4.3735
Zambia	1961	-1.7646
Zambia	1962	-5.5111
Zambia	1963	0.0601
Zambia	1964	8.7284
Zambia	1965	13.0120
Zambia	1966	-8.5409
Zambia	1967	4.5108
Zambia	1968	-1.9705
Zambia	1969	-3.5569
Zambia	1970	1.7756
Zambia	1971	-2.8030
Zambia	1972	6.1787
Zambia	1973	-3.7711
Zambia	1974	3.3502
Zambia	1975	-5.1550
Zambia	1976	3.0459
Zambia	1977	-7.4195
Zambia	1978	-2.4432
Zambia	1979	-5.8885
Zambia	1980	-0.0025
Zambia	1981	2.9659
Zambia	1982	-5.8855
Zambia	1983	-5.0762
Zambia	1984	-3.3576
Zambia	1985	-1.3887
Zambia	1986	-2.2391
Zambia	1987	-0.2486
Zambia	1988	3.4027
Zambia	1989	-3.6028
Zambia	1990	-2.9984
Zambia	1991	-2.4844
Zambia	1992	-4.0748
Zambia	1993	4.2817
Zambia	1994	-10.7813
Zambia	1995	0.4441
Zambia	1996	3.6434
Zambia	1997	1.1952
Zambia	1998	-2.9631
Zambia	1999	1.8825
Zambia	2000	1.0179
Zambia	2001	2.1798
Zambia	2002	1.3382
Zambia	2003	3.6769
Zambia	2004	3.6849
Zambia	2005	3.7526
Zambia	2006	4.2498
Zambia	2007	4.5967
Zambia	2008	3.9977
Zambia	2009	5.4227
Zambia	2010	6.5451
Zimbabwe	1961	3.0428
Zimbabwe	1962	-1.7056
Zimbabwe	1963	2.9468
Zimbabwe	1964	-4.1767
Zimbabwe	1965	1.6526
Zimbabwe	1966	-1.6267
Zimbabwe	1967	5.0101
Zimbabwe	1968	-1.1955
Zimbabwe	1969	8.9221
Zimbabwe	1970	18.8586
Zimbabwe	1971	5.6997
Zimbabwe	1972	5.0514
Zimbabwe	1973	-0.5873
Zimbabwe	1974	3.2338
Zimbabwe	1975	-4.9918
Zimbabwe	1976	-2.5465
Zimbabwe	1977	-9.2061
Zimbabwe	1978	-4.1055
Zimbabwe	1979	1.6813
Zimbabwe	1980	8.0223
Zimbabwe	1981	5.6626
Zimbabwe	1982	-1.2868
Zimbabwe	1983	-2.2018
Zimbabwe	1984	-5.3334
Zimbabwe	1985	3.3086
Zimbabwe	1986	-1.2627
Zimbabwe	1987	-2.1401
Zimbabwe	1988	4.2028
Zimbabwe	1989	2.1956
Zimbabwe	1990	4.1128
Zimbabwe	1991	2.8183
Zimbabwe	1992	-11.5479
Zimbabwe	1993	-0.4149
Zimbabwe	1994	9.1060
Zimbabwe	1995	-0.7678
Zimbabwe	1996	8.5433
Zimbabwe	1997	0.7708
Zimbabwe	1998	0.8934
Zimbabwe	1999	-2.4101
Zimbabwe	2000	-3.9444
Zimbabwe	2001	0.7630
Zimbabwe	2002	-9.7664
Zimbabwe	2003	-17.9768
Zimbabwe	2004	-6.8250
Zimbabwe	2005	-6.5989
Zimbabwe	2006	-4.6304
Zimbabwe	2007	-4.9145
Zimbabwe	2008	-18.6543
Zimbabwe	2009	11.6893
Zimbabwe	2010	17.7601
